id,abbr,VertexX,VertexY
0,AL,631,460
0,AL,629,446
0,AL,627,427
0,AL,627,413
0,AL,628,382
0,AL,627,365
0,AL,628,359
0,AL,672,355
0,AL,672,357
0,AL,672,359
0,AL,673,363
0,AL,676,371
0,AL,679,381
0,AL,680,387
0,AL,682,392
0,AL,683,398
0,AL,685,405
0,AL,688,408
0,AL,688,412
0,AL,690,412
0,AL,690,414
0,AL,689,419
0,AL,688,423
0,AL,688,424
0,AL,689,429
0,AL,690,434
0,AL,689,437
0,AL,690,437
0,AL,691,438
0,AL,691,441
0,AL,686,441
0,AL,679,441
0,AL,654,444
0,AL,643,446
0,AL,643,449
0,AL,645,450
0,AL,647,452
0,AL,648,460
0,AL,642,463
0,AL,640,463
0,AL,642,461
0,AL,642,460
0,AL,639,454
0,AL,637,453
0,AL,635,457
0,AL,634,460
0,AL,634,460
0,AL,631,460
1,AK,158,453
1,AK,157,539
1,AK,159,540
1,AK,162,540
1,AK,163,539
1,AK,166,539
1,AK,166,541
1,AK,173,548
1,AK,174,551
1,AK,177,549
1,AK,178,549
1,AK,178,546
1,AK,179,544
1,AK,181,544
1,AK,182,542
1,AK,186,545
1,AK,186,547
1,AK,188,549
1,AK,189,551
1,AK,193,553
1,AK,197,559
1,AK,199,563
1,AK,202,565
1,AK,203,569
1,AK,208,571
1,AK,213,573
1,AK,214,577
1,AK,215,580
1,AK,214,584
1,AK,212,586
1,AK,210,585
1,AK,209,582
1,AK,206,581
1,AK,204,580
1,AK,203,580
1,AK,205,583
1,AK,205,587
1,AK,204,587
1,AK,202,585
1,AK,200,584
1,AK,200,586
1,AK,202,588
1,AK,201,588
1,AK,201,588
1,AK,200,588
1,AK,200,587
1,AK,199,587
1,AK,198,584
1,AK,198,584
1,AK,197,582
1,AK,197,582
1,AK,196,583
1,AK,196,583
1,AK,195,582
1,AK,194,581
1,AK,194,581
1,AK,196,579
1,AK,195,578
1,AK,195,573
1,AK,194,573
1,AK,193,576
1,AK,192,577
1,AK,191,573
1,AK,190,569
1,AK,189,569
1,AK,190,574
1,AK,190,576
1,AK,188,574
1,AK,185,568
1,AK,183,568
1,AK,182,564
1,AK,180,561
1,AK,179,560
1,AK,179,558
1,AK,181,556
1,AK,180,556
1,AK,178,557
1,AK,174,554
1,AK,172,551
1,AK,167,549
1,AK,163,546
1,AK,164,543
1,AK,164,541
1,AK,162,543
1,AK,160,544
1,AK,156,543
1,AK,150,541
1,AK,145,541
1,AK,144,541
1,AK,138,537
1,AK,135,537
1,AK,133,531
1,AK,129,531
1,AK,126,533
1,AK,126,537
1,AK,127,534
1,AK,128,535
1,AK,127,539
1,AK,130,536
1,AK,131,538
1,AK,127,542
1,AK,125,542
1,AK,125,540
1,AK,124,539
1,AK,122,540
1,AK,120,539
1,AK,117,541
1,AK,115,543
1,AK,111,545
1,AK,107,545
1,AK,106,543
1,AK,110,542
1,AK,110,541
1,AK,108,540
1,AK,109,538
1,AK,111,534
1,AK,111,532
1,AK,111,531
1,AK,115,529
1,AK,116,530
1,AK,119,530
1,AK,118,528
1,AK,114,527
1,AK,109,530
1,AK,107,534
1,AK,105,536
1,AK,104,538
1,AK,100,540
1,AK,96,542
1,AK,96,544
1,AK,98,545
1,AK,99,547
1,AK,96,550
1,AK,90,555
1,AK,82,559
1,AK,80,560
1,AK,75,561
1,AK,69,563
1,AK,71,565
1,AK,70,566
1,AK,69,567
1,AK,67,566
1,AK,63,566
1,AK,63,569
1,AK,62,569
1,AK,62,566
1,AK,58,567
1,AK,55,568
1,AK,52,567
1,AK,49,569
1,AK,46,569
1,AK,44,570
1,AK,42,571
1,AK,40,571
1,AK,37,570
1,AK,35,570
1,AK,34,571
1,AK,33,570
1,AK,33,568
1,AK,36,567
1,AK,42,568
1,AK,46,566
1,AK,48,564
1,AK,51,563
1,AK,53,562
1,AK,56,563
1,AK,58,564
1,AK,58,564
1,AK,61,561
1,AK,64,560
1,AK,67,559
1,AK,69,559
1,AK,69,559
1,AK,70,559
1,AK,71,556
1,AK,75,554
1,AK,77,550
1,AK,79,546
1,AK,81,545
1,AK,81,542
1,AK,80,543
1,AK,76,544
1,AK,76,541
1,AK,74,541
1,AK,74,542
1,AK,73,545
1,AK,72,545
1,AK,70,539
1,AK,69,540
1,AK,68,540
1,AK,68,538
1,AK,64,538
1,AK,62,539
1,AK,59,539
1,AK,60,537
1,AK,61,535
1,AK,60,533
1,AK,62,532
1,AK,63,532
1,AK,62,530
1,AK,62,526
1,AK,61,525
1,AK,61,526
1,AK,54,526
1,AK,53,525
1,AK,52,521
1,AK,50,517
1,AK,50,516
1,AK,52,516
1,AK,52,513
1,AK,54,512
1,AK,53,512
1,AK,52,512
1,AK,50,510
1,AK,51,505
1,AK,56,501
1,AK,58,500
1,AK,60,496
1,AK,63,495
1,AK,66,496
1,AK,66,498
1,AK,69,498
1,AK,72,496
1,AK,73,496
1,AK,74,497
1,AK,76,497
1,AK,78,496
1,AK,79,491
1,AK,79,491
1,AK,79,488
1,AK,80,488
1,AK,81,487
1,AK,81,487
1,AK,81,487
1,AK,80,485
1,AK,77,486
1,AK,74,486
1,AK,72,486
1,AK,69,484
1,AK,63,484
1,AK,60,480
1,AK,60,476
1,AK,61,474
1,AK,59,472
1,AK,57,469
1,AK,58,468
1,AK,64,467
1,AK,66,467
1,AK,67,468
1,AK,68,468
1,AK,68,467
1,AK,72,466
1,AK,74,466
1,AK,76,467
1,AK,74,470
1,AK,74,471
1,AK,77,473
1,AK,82,474
1,AK,83,473
1,AK,81,469
1,AK,80,466
1,AK,81,465
1,AK,78,463
1,AK,77,462
1,AK,78,460
1,AK,77,456
1,AK,74,452
1,AK,72,448
1,AK,74,446
1,AK,78,446
1,AK,79,446
1,AK,84,446
1,AK,87,443
1,AK,89,439
1,AK,92,437
1,AK,94,438
1,AK,97,437
1,AK,100,435
1,AK,101,435
1,AK,102,436
1,AK,107,436
1,AK,110,433
1,AK,111,433
1,AK,114,435
1,AK,116,437
1,AK,116,438
1,AK,117,439
1,AK,118,438
1,AK,122,438
1,AK,122,442
1,AK,124,443
1,AK,131,444
1,AK,138,448
1,AK,139,447
1,AK,144,450
1,AK,146,449
1,AK,148,448
1,AK,153,450
1,AK,158,453
2,AZ,144,382
2,AZ,142,384
2,AZ,141,386
2,AZ,142,387
2,AZ,161,397
2,AZ,173,405
2,AZ,188,414
2,AZ,205,424
2,AZ,217,426
2,AZ,242,429
2,AZ,259,310
2,AZ,175,298
2,AZ,172,314
2,AZ,171,314
2,AZ,169,317
2,AZ,166,317
2,AZ,165,314
2,AZ,162,314
2,AZ,161,312
2,AZ,161,312
2,AZ,160,313
2,AZ,158,314
2,AZ,158,321
2,AZ,157,323
2,AZ,157,335
2,AZ,155,337
2,AZ,155,341
2,AZ,157,346
2,AZ,159,351
2,AZ,159,352
2,AZ,161,353
2,AZ,160,355
2,AZ,159,357
2,AZ,155,358
2,AZ,153,360
2,AZ,152,364
2,AZ,151,369
2,AZ,149,372
2,AZ,146,372
2,AZ,147,373
2,AZ,146,375
2,AZ,147,376
2,AZ,150,376
2,AZ,150,379
2,AZ,148,381
2,AZ,144,382
3,AR,593,343
3,AR,589,343
3,AR,584,343
3,AR,585,341
3,AR,588,338
3,AR,589,335
3,AR,587,332
3,AR,508,334
3,AR,510,341
3,AR,510,349
3,AR,511,360
3,AR,512,398
3,AR,514,400
3,AR,517,399
3,AR,520,400
3,AR,520,407
3,AR,576,405
3,AR,577,403
3,AR,577,400
3,AR,575,397
3,AR,576,395
3,AR,575,393
3,AR,576,390
3,AR,577,385
3,AR,579,383
3,AR,579,380
3,AR,582,375
3,AR,585,374
3,AR,585,372
3,AR,585,370
3,AR,588,365
3,AR,590,363
3,AR,590,360
3,AR,592,359
3,AR,589,358
3,AR,588,354
3,AR,590,352
3,AR,591,350
3,AR,592,346
3,AR,593,343
4,CA,144,382
4,CA,148,381
4,CA,150,379
4,CA,150,376
4,CA,147,376
4,CA,146,375
4,CA,147,373
4,CA,146,372
4,CA,148,372
4,CA,151,369
4,CA,152,364
4,CA,153,361
4,CA,155,358
4,CA,159,357
4,CA,160,355
4,CA,161,353
4,CA,160,352
4,CA,159,351
4,CA,157,346
4,CA,155,341
4,CA,155,337
4,CA,153,336
4,CA,84,232
4,CA,103,164
4,CA,36,149
4,CA,34,153
4,CA,34,161
4,CA,29,173
4,CA,26,175
4,CA,25,176
4,CA,24,177
4,CA,22,181
4,CA,21,185
4,CA,24,189
4,CA,26,193
4,CA,27,197
4,CA,26,203
4,CA,25,206
4,CA,24,212
4,CA,23,216
4,CA,25,220
4,CA,28,224
4,CA,30,229
4,CA,31,233
4,CA,31,236
4,CA,31,237
4,CA,31,239
4,CA,36,245
4,CA,36,248
4,CA,35,250
4,CA,34,252
4,CA,35,260
4,CA,37,264
4,CA,39,266
4,CA,41,267
4,CA,42,270
4,CA,41,273
4,CA,39,275
4,CA,38,275
4,CA,37,279
4,CA,38,281
4,CA,41,286
4,CA,42,291
4,CA,44,296
4,CA,45,299
4,CA,49,305
4,CA,50,307
4,CA,51,310
4,CA,52,311
4,CA,52,314
4,CA,51,316
4,CA,50,323
4,CA,49,325
4,CA,52,327
4,CA,56,328
4,CA,60,330
4,CA,64,332
4,CA,67,332
4,CA,70,335
4,CA,73,340
4,CA,74,342
4,CA,78,344
4,CA,82,345
4,CA,84,347
4,CA,85,350
4,CA,83,351
4,CA,83,352
4,CA,87,353
4,CA,89,353
4,CA,93,351
4,CA,96,355
4,CA,97,358
4,CA,100,362
4,CA,100,365
4,CA,100,374
4,CA,101,376
4,CA,111,378
4,CA,130,380
4,CA,144,382
5,CO,380,320
5,CO,384,234
5,CO,271,221
5,CO,259,309
5,CO,380,320
6,CT,874,178
6,CT,870,163
6,CT,865,164
6,CT,844,169
6,CT,845,172
6,CT,846,180
6,CT,847,189
6,CT,845,191
6,CT,847,193
6,CT,852,189
6,CT,855,186
6,CT,857,183
6,CT,858,184
6,CT,861,183
6,CT,866,182
6,CT,874,178
7,DE,825,228
7,DE,825,226
7,DE,826,224
7,DE,824,224
7,DE,823,225
7,DE,820,227
7,DE,822,232
7,DE,824,237
7,DE,827,247
7,DE,828,253
7,DE,833,253
7,DE,839,252
7,DE,837,245
7,DE,836,245
7,DE,832,243
7,DE,831,238
7,DE,829,234
7,DE,826,231
7,DE,825,229
7,DE,825,228
8,FL,759,439
8,FL,762,446
8,FL,765,456
8,FL,771,465
8,FL,774,471
8,FL,779,477
8,FL,783,481
8,FL,785,484
8,FL,784,485
8,FL,783,486
8,FL,786,494
8,FL,789,496
8,FL,791,502
8,FL,795,508
8,FL,799,516
8,FL,801,523
8,FL,801,535
8,FL,802,537
8,FL,802,541
8,FL,799,542
8,FL,799,544
8,FL,799,546
8,FL,799,548
8,FL,800,550
8,FL,797,553
8,FL,794,555
8,FL,790,555
8,FL,788,557
8,FL,786,558
8,FL,785,557
8,FL,784,556
8,FL,783,553
8,FL,782,550
8,FL,779,545
8,FL,775,542
8,FL,772,542
8,FL,771,543
8,FL,768,539
8,FL,767,535
8,FL,765,531
8,FL,763,530
8,FL,761,532
8,FL,759,532
8,FL,757,527
8,FL,754,523
8,FL,751,518
8,FL,749,515
8,FL,745,511
8,FL,747,509
8,FL,751,503
8,FL,750,501
8,FL,746,500
8,FL,744,501
8,FL,745,502
8,FL,747,503
8,FL,746,507
8,FL,745,508
8,FL,743,504
8,FL,742,499
8,FL,742,496
8,FL,743,491
8,FL,743,482
8,FL,740,478
8,FL,739,475
8,FL,733,474
8,FL,732,473
8,FL,730,471
8,FL,727,469
8,FL,725,466
8,FL,723,465
8,FL,720,461
8,FL,716,459
8,FL,713,458
8,FL,711,458
8,FL,706,459
8,FL,706,461
8,FL,707,462
8,FL,707,463
8,FL,704,463
8,FL,700,466
8,FL,696,468
8,FL,692,468
8,FL,689,469
8,FL,689,467
8,FL,687,465
8,FL,684,464
8,FL,683,462
8,FL,675,458
8,FL,667,457
8,FL,663,457
8,FL,657,458
8,FL,651,460
8,FL,647,460
8,FL,647,452
8,FL,644,450
8,FL,643,449
8,FL,643,446
8,FL,653,444
8,FL,679,441
8,FL,685,441
8,FL,691,441
8,FL,693,445
8,FL,695,446
8,FL,703,447
8,FL,714,446
8,FL,735,445
8,FL,741,444
8,FL,746,444
8,FL,746,447
8,FL,749,448
8,FL,749,443
8,FL,747,439
8,FL,749,438
8,FL,754,438
8,FL,759,439
9,GA,672,355
9,GA,672,357
9,GA,672,359
9,GA,673,363
9,GA,676,371
9,GA,678,381
9,GA,680,387
9,GA,681,392
9,GA,683,398
9,GA,685,405
9,GA,688,408
9,GA,688,412
9,GA,690,412
9,GA,690,414
9,GA,688,419
9,GA,688,423
9,GA,688,424
9,GA,689,429
9,GA,690,434
9,GA,689,437
9,GA,690,437
9,GA,691,438
9,GA,691,441
9,GA,693,445
9,GA,696,447
9,GA,704,447
9,GA,714,446
9,GA,736,445
9,GA,741,445
9,GA,746,445
9,GA,746,447
9,GA,749,448
9,GA,749,444
9,GA,747,439
9,GA,749,438
9,GA,754,439
9,GA,759,439
9,GA,759,433
9,GA,761,423
9,GA,762,418
9,GA,762,416
9,GA,765,410
9,GA,765,408
9,GA,763,409
9,GA,760,408
9,GA,760,405
9,GA,758,402
9,GA,756,400
9,GA,753,399
9,GA,752,394
9,GA,749,388
9,GA,745,386
9,GA,743,384
9,GA,741,382
9,GA,739,380
9,GA,737,378
9,GA,735,375
9,GA,732,373
9,GA,727,371
9,GA,727,370
9,GA,724,367
9,GA,724,366
9,GA,720,361
9,GA,717,361
9,GA,713,358
9,GA,712,357
9,GA,711,355
9,GA,712,353
9,GA,714,352
9,GA,714,350
9,GA,672,355
10,HI,233,519
10,HI,235,515
10,HI,237,515
10,HI,237,516
10,HI,235,519
10,HI,233,519
11,HI,243,515
11,HI,249,518
11,HI,251,517
11,HI,253,513
11,HI,252,510
11,HI,248,510
11,HI,244,511
11,HI,243,515
12,HI,273,525
12,HI,277,531
12,HI,280,530
12,HI,281,530
12,HI,282,531
12,HI,286,531
12,HI,287,529
12,HI,284,528
12,HI,282,524
12,HI,280,520
12,HI,274,523
12,HI,273,525
13,HI,294,534
13,HI,295,532
13,HI,300,533
13,HI,300,533
13,HI,306,533
13,HI,306,534
13,HI,304,536
13,HI,299,536
13,HI,294,534
14,HI,299,539
14,HI,301,543
14,HI,304,542
14,HI,304,540
14,HI,303,538
14,HI,299,538
14,HI,299,539
15,HI,306,538
15,HI,308,535
15,HI,313,538
15,HI,317,539
15,HI,322,541
15,HI,322,543
15,HI,318,545
15,HI,313,546
15,HI,311,545
15,HI,306,538
16,HI,323,554
16,HI,324,552
16,HI,328,554
16,HI,335,557
16,HI,339,560
16,HI,340,562
16,HI,342,566
16,HI,346,569
16,HI,346,570
16,HI,342,573
16,HI,338,575
16,HI,336,574
16,HI,333,576
16,HI,331,579
16,HI,329,582
16,HI,327,582
16,HI,323,579
16,HI,323,575
16,HI,324,572
16,HI,322,567
16,HI,320,565
16,HI,320,562
16,HI,322,561
16,HI,324,558
16,HI,325,557
16,HI,323,556
16,HI,323,554
17,ID,148,176
17,ID,157,141
17,ID,158,137
17,ID,161,131
17,ID,159,128
17,ID,157,128
17,ID,156,127
17,ID,157,126
17,ID,157,123
17,ID,161,118
17,ID,163,117
17,ID,164,116
17,ID,165,113
17,ID,166,112
17,ID,170,106
17,ID,174,102
17,ID,174,98
17,ID,170,96
17,ID,169,91
17,ID,182,28
17,ID,196,30
17,ID,192,52
17,ID,195,59
17,ID,194,64
17,ID,196,69
17,ID,199,70
17,ID,202,79
17,ID,206,84
17,ID,206,85
17,ID,210,86
17,ID,210,88
17,ID,203,106
17,ID,203,108
17,ID,206,111
17,ID,207,111
17,ID,212,108
17,ID,212,107
17,ID,214,108
17,ID,213,113
17,ID,216,126
17,ID,220,129
17,ID,222,131
17,ID,221,135
17,ID,222,138
17,ID,223,139
17,ID,226,137
17,ID,229,137
17,ID,231,138
17,ID,234,138
17,ID,238,137
17,ID,242,139
17,ID,245,139
17,ID,245,136
17,ID,248,135
17,ID,249,136
17,ID,250,139
17,ID,251,141
17,ID,243,194
17,ID,243,194
17,ID,155,177
17,ID,148,176
18,IL,619,300
18,IL,619,297
18,IL,620,292
18,IL,622,289
18,IL,624,285
18,IL,626,281
18,IL,626,276
18,IL,624,272
18,IL,624,269
18,IL,624,264
18,IL,623,256
18,IL,622,241
18,IL,621,226
18,IL,620,214
18,IL,620,213
18,IL,619,210
18,IL,618,207
18,IL,616,205
18,IL,615,202
18,IL,615,197
18,IL,569,199
18,IL,569,202
18,IL,571,203
18,IL,572,204
18,IL,573,206
18,IL,576,209
18,IL,577,211
18,IL,576,215
18,IL,575,218
18,IL,574,221
18,IL,572,223
18,IL,570,223
18,IL,565,225
18,IL,564,227
18,IL,563,229
18,IL,564,230
18,IL,566,232
18,IL,566,236
18,IL,564,237
18,IL,563,239
18,IL,563,242
18,IL,561,242
18,IL,560,243
18,IL,559,245
18,IL,560,247
18,IL,558,248
18,IL,557,251
18,IL,557,254
18,IL,560,262
18,IL,567,269
18,IL,572,273
18,IL,572,277
18,IL,573,279
18,IL,579,279
18,IL,582,280
18,IL,582,284
18,IL,579,290
18,IL,579,293
18,IL,581,297
18,IL,587,302
18,IL,592,303
18,IL,594,308
18,IL,596,311
18,IL,595,314
18,IL,597,318
18,IL,598,321
18,IL,600,320
18,IL,601,318
18,IL,603,316
18,IL,605,315
18,IL,608,316
18,IL,611,318
18,IL,613,317
18,IL,613,315
18,IL,611,313
18,IL,612,310
18,IL,614,309
18,IL,617,308
18,IL,618,308
18,IL,617,306
18,IL,616,304
18,IL,618,303
18,IL,619,300
19,IN,619,299
19,IN,619,297
19,IN,620,292
19,IN,622,289
19,IN,624,285
19,IN,626,281
19,IN,626,275
19,IN,624,273
19,IN,624,269
19,IN,624,264
19,IN,624,257
19,IN,623,241
19,IN,621,225
19,IN,620,214
19,IN,623,215
19,IN,625,216
19,IN,626,215
19,IN,628,213
19,IN,631,212
19,IN,636,212
19,IN,658,209
19,IN,664,209
19,IN,665,225
19,IN,669,262
19,IN,670,267
19,IN,670,270
19,IN,671,271
19,IN,671,273
19,IN,668,274
19,IN,665,276
19,IN,662,276
19,IN,661,281
19,IN,657,285
19,IN,654,289
19,IN,654,291
19,IN,653,293
19,IN,650,293
19,IN,649,291
19,IN,646,292
19,IN,643,294
19,IN,644,297
19,IN,642,297
19,IN,642,296
19,IN,640,295
19,IN,636,296
19,IN,635,299
19,IN,633,298
19,IN,632,296
19,IN,628,297
19,IN,622,298
19,IN,619,299
20,IA,569,199
20,IA,569,202
20,IA,571,202
20,IA,572,204
20,IA,573,206
20,IA,576,209
20,IA,577,211
20,IA,576,215
20,IA,575,218
20,IA,574,221
20,IA,572,222
20,IA,570,223
20,IA,565,225
20,IA,563,229
20,IA,564,230
20,IA,566,232
20,IA,565,236
20,IA,564,237
20,IA,563,239
20,IA,563,242
20,IA,561,242
20,IA,560,243
20,IA,559,245
20,IA,560,247
20,IA,558,248
20,IA,556,245
20,IA,554,242
20,IA,489,245
20,IA,488,245
20,IA,486,240
20,IA,485,234
20,IA,484,230
20,IA,483,224
20,IA,481,221
20,IA,480,216
20,IA,477,208
20,IA,476,203
20,IA,475,201
20,IA,473,198
20,IA,475,193
20,IA,476,187
20,IA,474,185
20,IA,473,183
20,IA,474,180
20,IA,476,180
20,IA,558,179
20,IA,559,183
20,IA,561,185
20,IA,562,186
20,IA,560,189
20,IA,560,193
20,IA,562,196
20,IA,565,198
20,IA,568,198
20,IA,569,199
21,KS,507,324
21,KS,495,324
21,KS,449,324
21,KS,404,322
21,KS,379,320
21,KS,383,256
21,KS,405,256
21,KS,446,257
21,KS,490,258
21,KS,495,258
21,KS,497,260
21,KS,499,260
21,KS,501,261
21,KS,501,264
21,KS,499,266
21,KS,499,268
21,KS,501,272
21,KS,504,275
21,KS,506,277
21,KS,507,288
21,KS,507,324
22,KY,725,295
22,KY,723,297
22,KY,720,301
22,KY,715,307
22,KY,713,308
22,KY,713,310
22,KY,709,313
22,KY,703,316
22,KY,696,318
22,KY,644,323
22,KY,629,324
22,KY,624,325
22,KY,620,325
22,KY,620,329
22,KY,612,329
22,KY,605,330
22,KY,597,330
22,KY,598,329
22,KY,600,327
22,KY,601,324
22,KY,602,322
22,KY,600,319
22,KY,601,318
22,KY,603,316
22,KY,605,315
22,KY,608,316
22,KY,611,318
22,KY,613,317
22,KY,613,315
22,KY,611,313
22,KY,612,310
22,KY,614,309
22,KY,616,308
22,KY,618,308
22,KY,617,306
22,KY,616,304
22,KY,618,303
22,KY,618,303
22,KY,619,299
22,KY,619,299
22,KY,622,298
22,KY,628,297
22,KY,632,296
22,KY,633,298
22,KY,635,299
22,KY,637,296
22,KY,640,295
22,KY,642,296
22,KY,642,297
22,KY,644,297
22,KY,643,294
22,KY,646,292
22,KY,649,291
22,KY,650,293
22,KY,653,293
22,KY,654,291
22,KY,654,289
22,KY,656,285
22,KY,661,281
22,KY,662,276
22,KY,665,276
22,KY,668,274
22,KY,671,273
22,KY,671,271
22,KY,670,270
22,KY,670,267
22,KY,674,267
22,KY,677,266
22,KY,680,267
22,KY,682,272
22,KY,687,272
22,KY,689,274
22,KY,691,274
22,KY,693,272
22,KY,699,273
22,KY,701,273
22,KY,703,271
22,KY,706,270
22,KY,707,269
22,KY,708,272
22,KY,710,273
22,KY,713,275
22,KY,713,281
22,KY,714,282
22,KY,716,284
22,KY,717,286
22,KY,721,289
22,KY,723,293
22,KY,725,295
23,LA,607,459
23,LA,604,455
23,LA,605,450
23,LA,605,449
23,LA,595,450
23,LA,570,451
23,LA,570,448
23,LA,570,440
23,LA,574,434
23,LA,579,425
23,LA,578,423
23,LA,579,422
23,LA,580,420
23,LA,578,418
23,LA,578,416
23,LA,576,412
23,LA,576,405
23,LA,520,406
23,LA,520,416
23,LA,521,425
23,LA,522,429
23,LA,524,433
23,LA,525,438
23,LA,529,444
23,LA,530,447
23,LA,530,448
23,LA,530,456
23,LA,527,461
23,LA,528,463
23,LA,527,466
23,LA,527,473
23,LA,525,476
23,LA,526,480
23,LA,530,478
23,LA,542,479
23,LA,553,482
23,LA,559,483
23,LA,563,482
23,LA,566,483
23,LA,569,484
23,LA,570,482
23,LA,567,481
23,LA,564,481
23,LA,562,479
23,LA,562,479
23,LA,562,478
23,LA,562,478
23,LA,563,478
23,LA,565,477
23,LA,565,477
23,LA,567,479
23,LA,569,478
23,LA,572,478
23,LA,574,481
23,LA,574,483
23,LA,579,483
23,LA,580,485
23,LA,579,487
23,LA,578,487
23,LA,580,489
23,LA,588,493
23,LA,592,491
23,LA,593,489
23,LA,595,488
23,LA,597,487
23,LA,598,488
23,LA,599,491
23,LA,597,491
23,LA,598,492
23,LA,601,491
23,LA,603,487
23,LA,604,487
23,LA,602,487
23,LA,603,485
23,LA,603,484
23,LA,605,483
23,LA,606,482
23,LA,606,483
23,LA,606,483
23,LA,606,486
23,LA,607,486
23,LA,608,486
23,LA,611,486
23,LA,611,486
23,LA,615,488
23,LA,616,490
23,LA,619,490
23,LA,620,491
23,LA,623,488
23,LA,623,486
23,LA,621,486
23,LA,618,483
23,LA,612,483
23,LA,609,480
23,LA,610,478
23,LA,612,478
23,LA,612,477
23,LA,611,476
23,LA,611,476
23,LA,614,476
23,LA,616,473
23,LA,614,471
23,LA,614,468
23,LA,613,468
23,LA,611,470
23,LA,610,473
23,LA,607,472
23,LA,606,470
23,LA,608,469
23,LA,610,465
23,LA,609,463
23,LA,607,459
24,ME,922,78
24,ME,924,80
24,ME,927,84
24,ME,927,86
24,ME,924,91
24,ME,923,91
24,ME,919,94
24,ME,914,100
24,ME,914,100
24,ME,914,100
24,ME,913,100
24,ME,912,100
24,ME,912,98
24,ME,912,98
24,ME,910,98
24,ME,909,100
24,ME,907,101
24,ME,906,102
24,ME,907,104
24,ME,907,105
24,ME,906,107
24,ME,905,107
24,ME,905,105
24,ME,904,104
24,ME,903,105
24,ME,901,101
24,ME,899,103
24,ME,900,104
24,ME,901,105
24,ME,900,106
24,ME,900,110
24,ME,900,111
24,ME,899,114
24,ME,896,114
24,ME,895,117
24,ME,890,120
24,ME,889,121
24,ME,887,119
24,ME,884,123
24,ME,885,126
24,ME,884,127
24,ME,883,132
24,ME,882,138
24,ME,880,137
24,ME,879,134
24,ME,875,133
24,ME,875,130
24,ME,868,106
24,ME,863,92
24,ME,865,92
24,ME,866,92
24,ME,866,89
24,ME,867,85
24,ME,870,80
24,ME,871,76
24,ME,869,74
24,ME,869,68
24,ME,870,67
24,ME,871,64
24,ME,871,63
24,ME,871,58
24,ME,873,53
24,ME,875,44
24,ME,878,40
24,ME,879,40
24,ME,880,40
24,ME,880,41
24,ME,881,43
24,ME,884,44
24,ME,885,43
24,ME,885,42
24,ME,889,39
24,ME,891,38
24,ME,892,38
24,ME,898,40
24,ME,900,41
24,ME,909,71
24,ME,915,71
24,ME,916,73
24,ME,916,78
24,ME,919,80
24,ME,920,80
24,ME,920,80
24,ME,920,78
24,ME,922,78
25,MD,839,252
25,MD,833,253
25,MD,828,253
25,MD,826,246
25,MD,824,237
25,MD,822,231
25,MD,821,227
25,MD,813,228
25,MD,798,231
25,MD,761,239
25,MD,762,244
25,MD,763,249
25,MD,763,249
25,MD,765,246
25,MD,767,244
25,MD,770,243
25,MD,771,242
25,MD,773,239
25,MD,774,240
25,MD,777,240
25,MD,780,237
25,MD,782,236
25,MD,784,235
25,MD,785,237
25,MD,788,238
25,MD,790,240
25,MD,791,241
25,MD,796,243
25,MD,796,246
25,MD,801,247
25,MD,802,248
25,MD,804,246
25,MD,807,248
25,MD,805,250
25,MD,804,254
25,MD,803,257
25,MD,803,259
25,MD,803,261
25,MD,808,262
25,MD,813,262
25,MD,816,263
25,MD,818,263
25,MD,819,261
25,MD,817,259
25,MD,817,257
25,MD,815,255
25,MD,813,250
25,MD,814,244
25,MD,814,242
25,MD,813,241
25,MD,813,241
25,MD,814,239
25,MD,814,239
25,MD,814,238
25,MD,815,237
25,MD,815,237
25,MD,817,235
25,MD,819,234
25,MD,819,235
25,MD,818,236
25,MD,816,240
25,MD,817,241
25,MD,818,241
25,MD,819,247
25,MD,817,248
25,MD,817,251
25,MD,818,251
25,MD,819,249
25,MD,820,251
25,MD,819,252
25,MD,818,256
25,MD,821,259
25,MD,825,260
25,MD,826,259
25,MD,830,263
25,MD,831,264
25,MD,838,261
25,MD,840,257
25,MD,839,252
26,MA,855,152
26,MA,873,147
26,MA,875,146
26,MA,877,143
26,MA,881,142
26,MA,883,146
26,MA,881,151
26,MA,881,153
26,MA,883,155
26,MA,884,155
26,MA,886,155
26,MA,888,157
26,MA,892,163
26,MA,895,164
26,MA,897,163
26,MA,899,161
26,MA,898,158
26,MA,896,157
26,MA,895,157
26,MA,894,156
26,MA,894,156
26,MA,896,155
26,MA,898,156
26,MA,900,159
26,MA,901,162
26,MA,902,164
26,MA,897,165
26,MA,893,167
26,MA,890,172
26,MA,888,173
26,MA,888,172
26,MA,890,171
26,MA,891,169
26,MA,890,166
26,MA,887,168
26,MA,886,169
26,MA,886,171
26,MA,884,172
26,MA,882,168
26,MA,878,163
26,MA,876,162
26,MA,870,163
26,MA,865,165
26,MA,844,169
26,MA,843,164
26,MA,844,154
26,MA,848,153
26,MA,855,152
27,MI,697,177
27,MI,694,168
27,MI,692,159
27,MI,689,156
27,MI,687,154
27,MI,685,156
27,MI,681,157
27,MI,679,162
27,MI,677,166
27,MI,676,167
27,MI,674,166
27,MI,674,166
27,MI,671,165
27,MI,672,164
27,MI,672,163
27,MI,672,159
27,MI,672,159
27,MI,676,158
27,MI,676,154
27,MI,677,152
27,MI,679,150
27,MI,679,140
27,MI,677,138
27,MI,676,137
27,MI,675,135
27,MI,676,134
27,MI,678,134
27,MI,678,133
27,MI,676,131
27,MI,674,128
27,MI,672,128
27,MI,667,126
27,MI,662,123
27,MI,659,123
27,MI,658,124
27,MI,657,123
27,MI,654,121
27,MI,651,123
27,MI,648,125
27,MI,649,129
27,MI,650,129
27,MI,652,129
27,MI,652,130
27,MI,650,131
27,MI,647,131
27,MI,646,133
27,MI,645,135
27,MI,646,137
27,MI,646,142
27,MI,642,144
27,MI,642,144
27,MI,642,140
27,MI,643,138
27,MI,644,135
27,MI,643,134
27,MI,641,135
27,MI,640,139
27,MI,637,141
27,MI,635,142
27,MI,635,143
27,MI,636,144
27,MI,635,147
27,MI,633,147
27,MI,633,148
27,MI,634,151
27,MI,633,157
27,MI,631,161
27,MI,632,166
27,MI,632,167
27,MI,631,169
27,MI,631,170
27,MI,631,173
27,MI,634,179
27,MI,637,185
27,MI,639,190
27,MI,638,195
27,MI,637,201
27,MI,634,206
27,MI,634,209
27,MI,631,212
27,MI,635,212
27,MI,657,209
27,MI,664,208
27,MI,664,210
27,MI,671,209
27,MI,681,207
27,MI,685,207
27,MI,685,206
27,MI,685,205
27,MI,687,201
27,MI,689,199
27,MI,689,194
27,MI,691,193
27,MI,692,192
27,MI,692,189
27,MI,694,186
27,MI,695,186
27,MI,695,187
27,MI,696,187
27,MI,698,186
27,MI,697,177
28,MI,567,111
28,MI,568,110
28,MI,571,109
28,MI,574,107
28,MI,574,106
28,MI,575,105
28,MI,581,104
28,MI,583,103
28,MI,588,100
28,MI,588,99
28,MI,590,96
28,MI,591,95
28,MI,593,94
28,MI,595,91
28,MI,599,89
28,MI,604,88
28,MI,605,90
28,MI,605,91
28,MI,601,92
28,MI,600,95
28,MI,597,95
28,MI,597,98
28,MI,594,101
28,MI,594,104
28,MI,595,104
28,MI,596,103
28,MI,600,100
28,MI,601,101
28,MI,603,101
28,MI,606,102
28,MI,608,103
28,MI,609,107
28,MI,612,109
28,MI,616,109
28,MI,617,108
28,MI,619,109
28,MI,621,110
28,MI,622,109
28,MI,623,109
28,MI,625,108
28,MI,629,105
28,MI,632,103
28,MI,639,103
28,MI,643,101
28,MI,646,100
28,MI,647,100
28,MI,647,106
28,MI,648,106
28,MI,651,107
28,MI,653,106
28,MI,659,105
28,MI,660,104
28,MI,661,104
28,MI,661,111
28,MI,664,114
28,MI,666,115
28,MI,667,116
28,MI,666,116
28,MI,665,116
28,MI,661,115
28,MI,659,116
28,MI,657,116
28,MI,654,117
28,MI,652,117
28,MI,646,116
28,MI,641,116
28,MI,639,119
28,MI,632,119
28,MI,630,120
28,MI,628,123
28,MI,627,124
28,MI,627,124
28,MI,625,123
28,MI,621,125
28,MI,620,125
28,MI,619,123
28,MI,618,124
28,MI,616,128
28,MI,615,132
28,MI,612,139
28,MI,611,138
28,MI,609,137
28,MI,608,127
28,MI,604,125
28,MI,602,123
28,MI,590,120
28,MI,587,119
28,MI,579,117
28,MI,571,116
28,MI,567,111
29,MN,475,128
29,MN,474,120
29,MN,472,113
29,MN,471,99
29,MN,470,89
29,MN,468,86
29,MN,467,81
29,MN,467,70
29,MN,467,67
29,MN,466,61
29,MN,496,61
29,MN,496,53
29,MN,497,53
29,MN,499,53
29,MN,501,54
29,MN,502,60
29,MN,503,66
29,MN,505,67
29,MN,510,67
29,MN,510,69
29,MN,516,69
29,MN,516,71
29,MN,521,71
29,MN,521,70
29,MN,523,69
29,MN,525,68
29,MN,526,69
29,MN,529,69
29,MN,533,72
29,MN,538,74
29,MN,541,75
29,MN,541,74
29,MN,543,73
29,MN,543,76
29,MN,546,77
29,MN,546,77
29,MN,547,77
29,MN,547,79
29,MN,550,80
29,MN,553,80
29,MN,555,79
29,MN,558,76
29,MN,561,76
29,MN,561,77
29,MN,562,79
29,MN,563,79
29,MN,564,78
29,MN,573,78
29,MN,574,81
29,MN,575,81
29,MN,576,79
29,MN,580,79
29,MN,580,81
29,MN,576,83
29,MN,566,87
29,MN,562,89
29,MN,559,92
29,MN,556,95
29,MN,554,99
29,MN,552,100
29,MN,548,105
29,MN,546,105
29,MN,542,108
29,MN,540,111
29,MN,539,114
29,MN,539,123
29,MN,538,124
29,MN,533,128
29,MN,531,134
29,MN,534,136
29,MN,534,139
29,MN,532,143
29,MN,533,146
29,MN,533,153
29,MN,536,156
29,MN,539,156
29,MN,541,159
29,MN,545,160
29,MN,548,165
29,MN,556,170
29,MN,558,172
29,MN,558,179
29,MN,477,180
29,MN,477,144
29,MN,476,141
29,MN,472,138
29,MN,471,136
29,MN,471,134
29,MN,473,133
29,MN,475,132
29,MN,475,128
30,MS,631,459
30,MS,631,460
30,MS,626,460
30,MS,624,459
30,MS,622,459
30,MS,615,461
30,MS,614,460
30,MS,611,464
30,MS,610,465
30,MS,609,463
30,MS,608,459
30,MS,604,456
30,MS,605,450
30,MS,605,449
30,MS,603,449
30,MS,595,450
30,MS,570,451
30,MS,570,448
30,MS,570,440
30,MS,574,434
30,MS,579,425
30,MS,578,423
30,MS,580,422
30,MS,580,420
30,MS,578,418
30,MS,578,416
30,MS,576,412
30,MS,576,406
30,MS,577,403
30,MS,577,400
30,MS,575,397
30,MS,576,395
30,MS,575,393
30,MS,575,391
30,MS,577,385
30,MS,579,383
30,MS,579,380
30,MS,582,375
30,MS,585,374
30,MS,585,372
30,MS,585,370
30,MS,588,365
30,MS,590,363
30,MS,590,363
30,MS,627,359
30,MS,628,365
30,MS,628,382
30,MS,627,413
30,MS,627,427
30,MS,630,445
30,MS,631,459
31,MO,558,248
31,MO,555,245
31,MO,554,242
31,MO,490,245
31,MO,488,245
31,MO,489,247
31,MO,489,250
31,MO,491,253
31,MO,494,258
31,MO,497,260
31,MO,500,261
31,MO,501,261
31,MO,501,264
31,MO,499,266
31,MO,499,268
31,MO,501,272
31,MO,503,275
31,MO,506,277
31,MO,507,288
31,MO,507,324
31,MO,508,329
31,MO,508,334
31,MO,531,333
31,MO,554,333
31,MO,575,332
31,MO,586,332
31,MO,588,335
31,MO,588,338
31,MO,585,341
31,MO,584,343
31,MO,589,343
31,MO,593,342
31,MO,595,337
31,MO,596,331
31,MO,598,329
31,MO,600,327
31,MO,600,324
31,MO,602,322
31,MO,600,320
31,MO,598,321
31,MO,596,318
31,MO,595,314
31,MO,596,311
31,MO,594,308
31,MO,592,303
31,MO,587,302
31,MO,580,297
31,MO,579,293
31,MO,580,289
31,MO,582,283
31,MO,582,280
31,MO,580,279
31,MO,573,279
31,MO,572,277
31,MO,572,273
31,MO,567,269
31,MO,560,261
31,MO,557,254
31,MO,557,250
31,MO,558,248
32,MT,369,56
32,MT,338,54
32,MT,309,50
32,MT,280,46
32,MT,247,41
32,MT,229,37
32,MT,196,30
32,MT,192,52
32,MT,195,59
32,MT,194,64
32,MT,195,68
32,MT,199,70
32,MT,203,81
32,MT,206,84
32,MT,206,85
32,MT,210,86
32,MT,210,88
32,MT,203,106
32,MT,203,108
32,MT,206,111
32,MT,207,111
32,MT,211,108
32,MT,212,107
32,MT,214,108
32,MT,213,113
32,MT,216,126
32,MT,219,128
32,MT,220,129
32,MT,222,131
32,MT,221,135
32,MT,222,138
32,MT,223,139
32,MT,226,137
32,MT,228,137
32,MT,232,138
32,MT,234,137
32,MT,238,137
32,MT,242,139
32,MT,245,139
32,MT,245,136
32,MT,248,135
32,MT,249,136
32,MT,250,140
32,MT,251,140
32,MT,253,129
32,MT,360,143
32,MT,369,56
33,NE,486,240
33,NE,489,247
33,NE,489,250
33,NE,492,255
33,NE,495,258
33,NE,490,258
33,NE,446,257
33,NE,406,256
33,NE,383,256
33,NE,384,234
33,NE,352,231
33,NE,356,187
33,NE,372,188
33,NE,392,189
33,NE,410,191
33,NE,434,192
33,NE,444,191
33,NE,446,194
33,NE,451,197
33,NE,452,197
33,NE,457,196
33,NE,461,196
33,NE,463,195
33,NE,465,197
33,NE,469,198
33,NE,472,200
33,NE,473,202
33,NE,474,204
33,NE,475,204
33,NE,476,204
33,NE,477,208
33,NE,480,217
33,NE,481,221
33,NE,483,224
33,NE,484,229
33,NE,485,234
33,NE,486,240
34,NV,196,185
34,NV,172,314
34,NV,170,314
34,NV,169,317
34,NV,166,317
34,NV,165,314
34,NV,162,314
34,NV,162,312
34,NV,161,312
34,NV,158,314
34,NV,157,321
34,NV,157,327
34,NV,157,335
34,NV,155,337
34,NV,153,336
34,NV,84,232
34,NV,103,164
34,NV,196,185
35,NH,880,142
35,NH,881,141
35,NH,882,138
35,NH,880,137
35,NH,879,134
35,NH,875,132
35,NH,875,130
35,NH,868,106
35,NH,863,92
35,NH,862,92
35,NH,862,93
35,NH,861,93
35,NH,860,92
35,NH,859,94
35,NH,858,99
35,NH,859,105
35,NH,861,107
35,NH,861,111
35,NH,857,116
35,NH,854,117
35,NH,854,119
35,NH,856,120
35,NH,856,129
35,NH,855,138
35,NH,855,143
35,NH,856,144
35,NH,855,149
35,NH,855,151
35,NH,856,151
35,NH,873,147
35,NH,875,146
35,NH,877,144
35,NH,880,142
36,NJ,829,188
36,NJ,827,191
36,NJ,827,194
36,NJ,825,197
36,NJ,825,198
36,NJ,826,200
36,NJ,826,202
36,NJ,824,203
36,NJ,824,206
36,NJ,825,207
36,NJ,827,208
36,NJ,828,210
36,NJ,832,213
36,NJ,834,214
36,NJ,834,215
36,NJ,831,218
36,NJ,830,220
36,NJ,828,223
36,NJ,826,224
36,NJ,826,226
36,NJ,825,227
36,NJ,825,229
36,NJ,826,232
36,NJ,829,235
36,NJ,834,237
36,NJ,838,237
36,NJ,838,239
36,NJ,837,240
36,NJ,838,243
36,NJ,838,243
36,NJ,840,240
36,NJ,841,235
36,NJ,844,231
36,NJ,847,225
36,NJ,848,219
36,NJ,848,218
36,NJ,847,209
36,NJ,846,205
36,NJ,845,206
36,NJ,842,207
36,NJ,841,206
36,NJ,843,205
36,NJ,845,203
36,NJ,845,202
36,NJ,844,199
36,NJ,845,196
36,NJ,845,194
36,NJ,842,192
36,NJ,837,191
36,NJ,833,190
36,NJ,829,188
37,NM,288,424
37,NM,287,419
37,NM,296,419
37,NM,326,422
37,NM,353,424
37,NM,355,405
37,NM,359,349
37,NM,361,330
37,NM,362,330
37,NM,363,319
37,NM,259,308
37,NM,242,429
37,NM,257,431
37,NM,258,421
37,NM,288,424
38,NY,830,188
38,NY,829,187
38,NY,826,187
38,NY,824,185
38,NY,822,179
38,NY,819,179
38,NY,816,176
38,NY,797,181
38,NY,754,190
38,NY,746,191
38,NY,746,184
38,NY,747,183
38,NY,748,182
38,NY,749,180
38,NY,751,179
38,NY,753,178
38,NY,754,176
38,NY,756,173
38,NY,757,172
38,NY,757,171
38,NY,755,168
38,NY,754,168
38,NY,752,162
38,NY,755,160
38,NY,759,159
38,NY,763,157
38,NY,766,157
38,NY,773,157
38,NY,774,158
38,NY,776,158
38,NY,778,157
38,NY,781,156
38,NY,786,155
38,NY,788,153
38,NY,790,150
38,NY,791,148
38,NY,794,148
38,NY,795,147
38,NY,796,145
38,NY,794,143
38,NY,794,141
38,NY,795,139
38,NY,795,138
38,NY,793,138
38,NY,791,137
38,NY,791,136
38,NY,790,133
38,NY,796,128
38,NY,797,127
38,NY,798,124
38,NY,801,119
38,NY,804,116
38,NY,806,113
38,NY,809,112
38,NY,812,110
38,NY,817,109
38,NY,820,109
38,NY,825,108
38,NY,832,106
38,NY,833,111
38,NY,835,117
38,NY,836,122
38,NY,835,126
38,NY,838,131
38,NY,839,133
38,NY,838,136
38,NY,841,137
38,NY,841,137
38,NY,844,148
38,NY,844,153
38,NY,843,164
38,NY,844,170
38,NY,845,173
38,NY,847,180
38,NY,847,189
38,NY,845,191
38,NY,847,193
38,NY,848,194
38,NY,846,196
38,NY,846,198
38,NY,848,197
38,NY,849,196
38,NY,851,193
38,NY,853,193
38,NY,854,193
38,NY,856,194
38,NY,864,190
38,NY,867,187
38,NY,869,185
38,NY,873,187
38,NY,869,191
38,NY,865,194
38,NY,858,199
38,NY,856,200
38,NY,850,202
38,NY,846,203
38,NY,845,202
38,NY,844,199
38,NY,845,196
38,NY,845,194
38,NY,842,192
38,NY,837,191
38,NY,834,190
38,NY,830,188
39,NC,834,294
39,NC,837,299
39,NC,840,305
39,NC,843,308
39,NC,843,310
39,NC,841,310
39,NC,842,311
39,NC,841,315
39,NC,839,316
39,NC,838,318
39,NC,837,321
39,NC,833,323
39,NC,831,322
39,NC,829,322
39,NC,828,321
39,NC,828,322
39,NC,828,323
39,NC,830,323
39,NC,831,325
39,NC,829,331
39,NC,833,331
39,NC,833,333
39,NC,836,330
39,NC,837,330
39,NC,835,333
39,NC,832,338
39,NC,831,338
39,NC,830,338
39,NC,827,338
39,NC,822,341
39,NC,815,346
39,NC,812,351
39,NC,810,357
39,NC,809,360
39,NC,805,360
39,NC,799,362
39,NC,789,353
39,NC,777,346
39,NC,774,345
39,NC,761,346
39,NC,757,347
39,NC,755,344
39,NC,752,342
39,NC,736,342
39,NC,729,343
39,NC,720,348
39,NC,713,350
39,NC,692,353
39,NC,693,349
39,NC,694,347
39,NC,697,347
39,NC,698,343
39,NC,702,340
39,NC,706,339
39,NC,710,335
39,NC,715,333
39,NC,715,330
39,NC,719,326
39,NC,720,326
39,NC,720,326
39,NC,720,327
39,NC,720,327
39,NC,721,327
39,NC,722,327
39,NC,722,327
39,NC,725,324
39,NC,727,323
39,NC,729,323
39,NC,731,320
39,NC,734,317
39,NC,734,315
39,NC,734,312
39,NC,739,312
39,NC,746,311
39,NC,761,308
39,NC,777,306
39,NC,798,302
39,NC,818,297
39,NC,829,295
39,NC,834,294
40,ND,475,128
40,ND,474,120
40,ND,473,113
40,ND,471,100
40,ND,470,89
40,ND,468,86
40,ND,467,81
40,ND,467,70
40,ND,467,67
40,ND,465,61
40,ND,437,61
40,ND,418,60
40,ND,392,59
40,ND,369,57
40,ND,362,124
40,ND,417,127
40,ND,475,128
41,OH,735,193
41,OH,729,197
41,OH,725,199
41,OH,721,203
41,OH,717,207
41,OH,714,208
41,OH,711,208
41,OH,706,211
41,OH,704,211
41,OH,700,208
41,OH,695,208
41,OH,693,207
41,OH,690,206
41,OH,685,206
41,OH,675,208
41,OH,664,210
41,OH,665,225
41,OH,667,238
41,OH,670,262
41,OH,670,267
41,OH,674,267
41,OH,677,266
41,OH,680,267
41,OH,682,272
41,OH,687,272
41,OH,689,274
41,OH,691,274
41,OH,693,272
41,OH,696,273
41,OH,701,273
41,OH,703,271
41,OH,705,270
41,OH,707,269
41,OH,708,272
41,OH,710,273
41,OH,713,275
41,OH,716,275
41,OH,717,275
41,OH,717,272
41,OH,719,270
41,OH,719,266
41,OH,719,266
41,OH,720,261
41,OH,720,261
41,OH,721,261
41,OH,722,262
41,OH,723,264
41,OH,725,263
41,OH,725,261
41,OH,724,259
41,OH,724,257
41,OH,725,256
41,OH,727,253
41,OH,728,251
41,OH,730,252
41,OH,732,250
41,OH,735,247
41,OH,738,242
41,OH,739,237
41,OH,739,232
41,OH,739,227
41,OH,738,224
41,OH,738,223
41,OH,740,221
41,OH,738,212
41,OH,735,193
42,OK,380,320
42,OK,363,319
42,OK,362,330
42,OK,383,331
42,OK,415,332
42,OK,412,357
42,OK,412,375
42,OK,412,376
42,OK,417,380
42,OK,419,381
42,OK,419,381
42,OK,420,379
42,OK,421,381
42,OK,423,381
42,OK,423,379
42,OK,426,381
42,OK,426,385
42,OK,430,385
42,OK,432,386
42,OK,436,387
42,OK,439,388
42,OK,441,386
42,OK,445,387
42,OK,447,390
42,OK,448,390
42,OK,448,393
42,OK,450,393
42,OK,453,391
42,OK,455,392
42,OK,457,392
42,OK,458,394
42,OK,464,396
42,OK,466,396
42,OK,467,392
42,OK,469,392
42,OK,470,394
42,OK,474,394
42,OK,478,396
42,OK,480,397
42,OK,482,396
42,OK,483,393
42,OK,487,393
42,OK,489,394
42,OK,492,392
42,OK,493,392
42,OK,494,394
42,OK,498,394
42,OK,500,392
42,OK,502,392
42,OK,504,395
42,OK,507,396
42,OK,510,397
42,OK,512,398
42,OK,512,361
42,OK,510,350
42,OK,510,341
42,OK,509,335
42,OK,508,328
42,OK,508,324
42,OK,496,324
42,OK,449,324
42,OK,404,322
42,OK,380,320
43,OR,148,175
43,OR,157,140
43,OR,158,136
43,OR,160,130
43,OR,160,129
43,OR,157,129
43,OR,156,127
43,OR,157,126
43,OR,157,123
43,OR,161,117
43,OR,163,116
43,OR,164,115
43,OR,166,111
43,OR,170,106
43,OR,174,102
43,OR,174,99
43,OR,171,96
43,OR,169,91
43,OR,156,88
43,OR,141,84
43,OR,126,84
43,OR,125,83
43,OR,120,85
43,OR,115,84
43,OR,113,83
43,OR,111,84
43,OR,107,83
43,OR,105,82
43,OR,100,80
43,OR,99,80
43,OR,95,79
43,OR,93,80
43,OR,87,80
43,OR,81,76
43,OR,81,75
43,OR,82,67
43,OR,79,63
43,OR,75,63
43,OR,74,60
43,OR,72,60
43,OR,66,62
43,OR,64,68
43,OR,61,78
43,OR,58,85
43,OR,53,99
43,OR,46,113
43,OR,38,125
43,OR,36,128
43,OR,35,137
43,OR,36,149
43,OR,148,175
44,PA,825,224
44,PA,826,224
44,PA,828,223
44,PA,829,220
44,PA,831,218
44,PA,834,215
44,PA,834,214
44,PA,832,212
44,PA,828,210
44,PA,827,207
44,PA,825,207
44,PA,824,206
44,PA,824,203
44,PA,826,202
44,PA,826,200
44,PA,825,198
44,PA,825,197
44,PA,827,194
44,PA,827,191
44,PA,830,188
44,PA,829,187
44,PA,826,187
44,PA,824,185
44,PA,822,179
44,PA,819,179
44,PA,816,176
44,PA,798,181
44,PA,755,189
44,PA,746,191
44,PA,746,184
44,PA,740,189
44,PA,739,190
44,PA,735,193
44,PA,738,212
44,PA,740,222
44,PA,744,241
44,PA,747,240
44,PA,759,239
44,PA,797,231
44,PA,812,228
44,PA,820,227
44,PA,820,226
44,PA,823,225
44,PA,825,224
45,RI,874,178
45,RI,870,163
45,RI,876,162
45,RI,878,164
45,RI,882,168
45,RI,884,172
45,RI,881,174
45,RI,880,174
45,RI,879,175
45,RI,876,177
45,RI,874,178
46,SC,764,408
46,SC,763,409
46,SC,760,407
46,SC,759,405
46,SC,758,402
46,SC,756,400
46,SC,753,399
46,SC,752,394
46,SC,749,388
46,SC,745,386
46,SC,743,384
46,SC,741,382
46,SC,739,380
46,SC,737,378
46,SC,735,375
46,SC,732,373
46,SC,727,371
46,SC,727,370
46,SC,724,367
46,SC,724,366
46,SC,720,360
46,SC,717,361
46,SC,713,358
46,SC,712,357
46,SC,711,355
46,SC,712,353
46,SC,714,352
46,SC,714,350
46,SC,720,348
46,SC,729,343
46,SC,736,342
46,SC,753,342
46,SC,755,344
46,SC,757,347
46,SC,761,346
46,SC,774,345
46,SC,777,346
46,SC,789,353
46,SC,799,361
46,SC,794,367
46,SC,791,373
46,SC,791,379
46,SC,789,380
46,SC,788,383
46,SC,786,384
46,SC,784,387
46,SC,781,390
46,SC,779,393
46,SC,777,394
46,SC,773,397
46,SC,771,398
46,SC,772,401
46,SC,767,406
46,SC,764,408
47,SD,476,204
47,SD,476,203
47,SD,473,198
47,SD,475,193
47,SD,476,187
47,SD,474,185
47,SD,473,183
47,SD,474,180
47,SD,477,180
47,SD,477,175
47,SD,477,145
47,SD,476,141
47,SD,472,138
47,SD,471,136
47,SD,471,135
47,SD,473,133
47,SD,475,131
47,SD,475,129
47,SD,417,127
47,SD,362,124
47,SD,356,187
47,SD,371,188
47,SD,391,189
47,SD,409,190
47,SD,432,192
47,SD,444,191
47,SD,446,194
47,SD,452,197
47,SD,452,198
47,SD,457,196
47,SD,463,195
47,SD,465,197
47,SD,469,198
47,SD,472,200
47,SD,473,201
47,SD,474,204
47,SD,476,204
48,TN,696,318
48,TN,644,323
48,TN,629,325
48,TN,624,325
48,TN,620,325
48,TN,620,329
48,TN,612,329
48,TN,605,330
48,TN,597,330
48,TN,595,337
48,TN,593,342
48,TN,590,345
48,TN,589,350
48,TN,589,352
48,TN,584,354
48,TN,586,358
48,TN,585,362
48,TN,584,363
48,TN,692,353
48,TN,693,349
48,TN,694,347
48,TN,697,347
48,TN,698,343
48,TN,702,340
48,TN,706,339
48,TN,710,335
48,TN,715,333
48,TN,715,330
48,TN,719,326
48,TN,720,326
48,TN,720,326
48,TN,720,327
48,TN,721,327
48,TN,721,327
48,TN,722,327
48,TN,722,327
48,TN,725,324
48,TN,727,323
48,TN,729,323
48,TN,731,320
48,TN,734,317
48,TN,734,315
48,TN,734,312
48,TN,732,311
48,TN,730,313
48,TN,723,313
48,TN,704,316
48,TN,696,318
49,TX,361,330
49,TX,384,331
49,TX,415,332
49,TX,412,356
49,TX,412,374
49,TX,412,376
49,TX,417,380
49,TX,419,381
49,TX,420,381
49,TX,420,379
49,TX,421,381
49,TX,423,381
49,TX,423,379
49,TX,425,380
49,TX,426,381
49,TX,426,385
49,TX,430,385
49,TX,433,386
49,TX,437,386
49,TX,439,389
49,TX,441,386
49,TX,445,387
49,TX,447,390
49,TX,448,391
49,TX,448,393
49,TX,450,393
49,TX,453,391
49,TX,455,392
49,TX,457,392
49,TX,458,394
49,TX,464,397
49,TX,466,396
49,TX,467,392
49,TX,468,392
49,TX,469,392
49,TX,470,394
49,TX,474,394
49,TX,477,396
49,TX,481,397
49,TX,482,396
49,TX,483,393
49,TX,488,393
49,TX,489,394
49,TX,492,392
49,TX,493,392
49,TX,494,394
49,TX,498,394
49,TX,500,392
49,TX,502,392
49,TX,503,395
49,TX,507,397
49,TX,510,397
49,TX,511,398
49,TX,514,400
49,TX,517,399
49,TX,520,400
49,TX,520,406
49,TX,520,416
49,TX,521,425
49,TX,521,429
49,TX,524,433
49,TX,525,438
49,TX,529,444
49,TX,529,447
49,TX,530,448
49,TX,529,456
49,TX,527,461
49,TX,528,463
49,TX,527,466
49,TX,527,473
49,TX,525,476
49,TX,526,480
49,TX,520,481
49,TX,510,486
49,TX,509,488
49,TX,507,490
49,TX,504,491
49,TX,503,492
49,TX,497,497
49,TX,495,500
49,TX,489,503
49,TX,484,505
49,TX,477,509
49,TX,476,510
49,TX,470,514
49,TX,466,514
49,TX,463,520
49,TX,459,520
49,TX,458,522
49,TX,460,524
49,TX,458,529
49,TX,457,534
49,TX,456,538
49,TX,455,542
49,TX,456,545
49,TX,458,552
49,TX,459,558
49,TX,460,561
49,TX,459,562
49,TX,456,564
49,TX,451,560
49,TX,445,559
49,TX,444,560
49,TX,441,559
49,TX,437,556
49,TX,431,555
49,TX,424,551
49,TX,422,547
49,TX,420,541
49,TX,417,539
49,TX,416,537
49,TX,417,536
49,TX,417,533
49,TX,416,532
49,TX,416,531
49,TX,417,527
49,TX,415,524
49,TX,412,523
49,TX,409,519
49,TX,405,512
49,TX,401,510
49,TX,401,508
49,TX,396,495
49,TX,395,491
49,TX,393,489
49,TX,393,488
49,TX,387,482
49,TX,384,479
49,TX,384,478
49,TX,382,476
49,TX,375,475
49,TX,368,474
49,TX,364,472
49,TX,360,474
49,TX,356,475
49,TX,354,479
49,TX,353,482
49,TX,349,488
49,TX,346,491
49,TX,344,490
49,TX,342,489
49,TX,340,488
49,TX,336,486
49,TX,336,485
49,TX,334,483
49,TX,329,481
49,TX,322,473
49,TX,319,469
49,TX,319,461
49,TX,316,454
49,TX,316,451
49,TX,314,450
49,TX,313,448
49,TX,308,446
49,TX,307,445
49,TX,300,437
49,TX,298,433
49,TX,294,431
49,TX,292,427
49,TX,290,424
49,TX,288,423
49,TX,287,419
49,TX,295,419
49,TX,324,422
49,TX,353,424
49,TX,355,404
49,TX,359,349
49,TX,361,330
49,TX,362,330
50,UT,259,310
50,UT,175,298
50,UT,196,185
50,UT,243,194
50,UT,241,205
50,UT,239,218
50,UT,247,219
50,UT,263,220
50,UT,271,221
50,UT,259,310
51,VT,844,154
51,VT,844,148
51,VT,841,137
51,VT,841,137
51,VT,838,136
51,VT,839,133
51,VT,838,131
51,VT,835,126
51,VT,836,122
51,VT,835,117
51,VT,833,111
51,VT,832,106
51,VT,859,99
51,VT,859,105
51,VT,861,107
51,VT,861,111
51,VT,857,116
51,VT,854,117
51,VT,854,119
51,VT,856,120
51,VT,855,128
51,VT,855,137
51,VT,855,143
51,VT,856,144
51,VT,855,149
51,VT,855,151
51,VT,856,151
51,VT,848,153
51,VT,844,154
52,VA,831,266
52,VA,831,264
52,VA,837,261
52,VA,837,264
52,VA,834,268
52,VA,833,273
52,VA,834,276
52,VA,832,281
52,VA,830,283
52,VA,828,278
52,VA,829,273
52,VA,830,269
52,VA,831,266
53,VA,834,294
53,VA,776,306
53,VA,739,312
53,VA,732,311
53,VA,730,313
53,VA,722,313
53,VA,714,314
53,VA,703,316
53,VA,713,310
53,VA,713,308
53,VA,715,306
53,VA,726,295
53,VA,729,299
53,VA,733,300
53,VA,736,299
53,VA,738,298
53,VA,741,299
53,VA,744,298
53,VA,746,293
53,VA,749,294
53,VA,752,292
53,VA,754,292
53,VA,756,288
53,VA,757,286
53,VA,756,285
53,VA,757,283
53,VA,762,271
53,VA,763,265
53,VA,764,265
53,VA,766,267
53,VA,770,267
53,VA,772,259
53,VA,775,259
53,VA,776,256
53,VA,778,253
53,VA,781,248
53,VA,781,243
53,VA,791,247
53,VA,792,247
53,VA,792,241
53,VA,792,241
53,VA,796,243
53,VA,796,246
53,VA,801,247
53,VA,804,249
53,VA,805,251
53,VA,805,254
53,VA,803,257
53,VA,803,259
53,VA,803,261
53,VA,808,262
53,VA,813,262
53,VA,816,263
53,VA,818,263
53,VA,818,266
53,VA,822,267
53,VA,823,268
53,VA,822,273
53,VA,823,274
53,VA,823,276
53,VA,824,276
53,VA,824,278
53,VA,821,278
53,VA,821,279
53,VA,824,281
53,VA,824,282
53,VA,826,284
53,VA,826,287
53,VA,823,288
53,VA,825,290
53,VA,831,288
53,VA,834,294
54,WA,102,7
54,WA,106,9
54,WA,116,11
54,WA,124,13
54,WA,144,19
54,WA,167,25
54,WA,182,28
54,WA,169,91
54,WA,156,88
54,WA,141,84
54,WA,126,84
54,WA,125,83
54,WA,120,85
54,WA,115,84
54,WA,113,83
54,WA,112,83
54,WA,107,83
54,WA,105,82
54,WA,100,80
54,WA,99,80
54,WA,95,78
54,WA,93,80
54,WA,87,80
54,WA,81,76
54,WA,81,75
54,WA,81,67
54,WA,79,63
54,WA,75,63
54,WA,74,60
54,WA,72,60
54,WA,69,61
54,WA,66,58
54,WA,67,55
54,WA,69,55
54,WA,71,51
54,WA,68,49
54,WA,69,46
54,WA,73,45
54,WA,70,42
54,WA,69,35
54,WA,69,32
54,WA,69,24
54,WA,68,21
54,WA,70,12
54,WA,72,12
54,WA,74,15
54,WA,77,18
54,WA,80,20
54,WA,85,22
54,WA,88,22
54,WA,91,24
54,WA,94,25
54,WA,97,25
54,WA,97,22
54,WA,98,21
54,WA,100,20
54,WA,100,21
54,WA,101,23
54,WA,98,23
54,WA,98,25
54,WA,100,27
54,WA,101,29
54,WA,102,31
54,WA,103,31
54,WA,103,30
54,WA,102,28
54,WA,102,25
54,WA,103,23
54,WA,102,22
54,WA,102,20
54,WA,104,16
54,WA,103,14
54,WA,100,9
54,WA,100,8
54,WA,102,7
55,DC,805,250
55,DC,803,249
55,DC,802,248
55,DC,804,246
55,DC,807,248
55,DC,805,250
56,WV,761,238
56,WV,762,243
56,WV,763,249
56,WV,765,247
56,WV,767,244
56,WV,770,243
56,WV,771,242
56,WV,773,239
56,WV,774,240
56,WV,777,239
56,WV,780,237
56,WV,782,236
56,WV,784,235
56,WV,785,236
56,WV,789,238
56,WV,791,240
56,WV,792,241
56,WV,791,247
56,WV,786,244
56,WV,781,243
56,WV,781,248
56,WV,778,253
56,WV,776,256
56,WV,775,259
56,WV,772,259
56,WV,771,263
56,WV,770,267
56,WV,766,267
56,WV,764,265
56,WV,763,265
56,WV,762,271
56,WV,761,274
56,WV,756,285
56,WV,757,286
56,WV,756,288
56,WV,754,292
56,WV,752,291
56,WV,749,294
56,WV,746,293
56,WV,744,298
56,WV,744,298
56,WV,741,299
56,WV,740,299
56,WV,740,299
56,WV,738,298
56,WV,738,298
56,WV,736,299
56,WV,733,300
56,WV,729,299
56,WV,728,298
56,WV,726,295
56,WV,723,293
56,WV,721,289
56,WV,717,286
56,WV,716,284
56,WV,714,282
56,WV,713,281
56,WV,713,275
56,WV,715,275
56,WV,717,275
56,WV,717,272
56,WV,719,270
56,WV,719,265
56,WV,720,261
56,WV,721,261
56,WV,722,262
56,WV,723,264
56,WV,725,263
56,WV,725,261
56,WV,724,259
56,WV,724,257
56,WV,725,256
56,WV,727,252
56,WV,729,251
56,WV,731,251
56,WV,733,250
56,WV,736,246
56,WV,738,242
56,WV,739,237
56,WV,739,232
56,WV,739,227
56,WV,738,224
56,WV,739,222
56,WV,740,221
56,WV,744,241
56,WV,748,240
56,WV,761,238
57,WI,615,197
57,WI,614,194
57,WI,613,189
57,WI,613,183
57,WI,612,181
57,WI,613,178
57,WI,613,175
57,WI,615,172
57,WI,614,169
57,WI,613,165
57,WI,614,163
57,WI,616,161
57,WI,616,158
57,WI,615,157
57,WI,616,154
57,WI,615,150
57,WI,618,144
57,WI,621,138
57,WI,621,135
57,WI,621,134
57,WI,620,135
57,WI,616,141
57,WI,613,145
57,WI,611,147
57,WI,610,149
57,WI,608,150
57,WI,607,152
57,WI,606,152
57,WI,606,150
57,WI,607,148
57,WI,609,143
57,WI,611,141
57,WI,612,139
57,WI,609,137
57,WI,607,127
57,WI,604,125
57,WI,602,123
57,WI,590,120
57,WI,587,119
57,WI,579,117
57,WI,571,116
57,WI,567,111
57,WI,566,111
57,WI,565,111
57,WI,564,110
57,WI,563,110
57,WI,562,110
57,WI,560,111
57,WI,559,111
57,WI,560,109
57,WI,562,106
57,WI,563,105
57,WI,561,103
57,WI,559,104
57,WI,556,106
57,WI,548,109
57,WI,546,110
57,WI,543,109
57,WI,542,108
57,WI,540,111
57,WI,539,114
57,WI,539,122
57,WI,538,124
57,WI,533,128
57,WI,531,134
57,WI,531,134
57,WI,534,136
57,WI,534,139
57,WI,532,143
57,WI,532,146
57,WI,533,153
57,WI,536,156
57,WI,539,156
57,WI,541,159
57,WI,545,160
57,WI,548,165
57,WI,556,170
57,WI,558,172
57,WI,559,180
57,WI,559,183
57,WI,562,185
57,WI,562,186
57,WI,560,189
57,WI,560,193
57,WI,562,197
57,WI,565,198
57,WI,568,198
57,WI,569,200
57,WI,615,197
58,WY,360,143
58,WY,253,129
58,WY,239,218
58,WY,352,231
58,WY,360,143
