id,postal_code,top_category,raw_visitor_counts_mean,raw_visitor_counts_sum,raw_visitor_counts_median,placekey,est_year,zip_pop,raw_visitor_counts_mean_norm,raw_visitor_counts_sum_norm,raw_visitor_counts_median_norm,date,zipcode_ID
0,92101,Restaurants and Other Eating Places,47.79625292740047,20409,34.0,554,2019,60083,0.0007955037685768099,0.3396801091822978,0.0005658838606594211,2021-01-01,1
1,92101,Restaurants and Other Eating Places,74.625,31641,51.0,554,2019,60083,0.0012420318559326266,0.5266215069154336,0.0008488257909891317,2021-02-01,1
2,92101,Restaurants and Other Eating Places,104.23239436619718,44403,67.0,554,2019,60083,0.00173480675675644,0.7390276783782435,0.0011151240783582714,2021-03-01,1
3,92101,Restaurants and Other Eating Places,117.93208430913349,50357,79.0,554,2019,60083,0.0019628195048372,0.8381239285654845,0.0013148477938851257,2021-04-01,1
4,92101,Restaurants and Other Eating Places,136.69555035128806,58369,88.0,554,2019,60083,0.0022751119343456232,0.9714727959655808,0.0014646405805302663,2021-05-01,1
5,92101,Restaurants and Other Eating Places,165.53504672897196,70849,102.0,554,2019,60083,0.0027551062152184804,1.1791854601135097,0.0016976515819782634,2021-06-01,1
6,92101,Restaurants and Other Eating Places,193.5079365079365,85337,115.0,554,2019,60083,0.0032206770052749787,1.4203185593262653,0.0019140189404656886,2021-07-01,1
7,92101,Restaurants and Other Eating Places,157.35159817351598,68920,100.5,554,2019,60083,0.0026189038192752693,1.1470798728425675,0.0016726861175374065,2021-08-01,1
8,92101,Restaurants and Other Eating Places,131.5662100456621,57626,92.5,554,2019,60083,0.002189741025675517,0.9591065692458766,0.001539536973852837,2021-09-01,1
9,92102,Restaurants and Other Eating Places,46.99009900990099,4746,33.0,104,2019,42353,0.0011094869078908456,0.11205817769697543,0.0007791655844922437,2021-01-01,2
10,92102,Restaurants and Other Eating Places,48.77450980392157,4975,35.5,104,2019,42353,0.001151618770899855,0.11746511463178524,0.0008381932802871108,2021-02-01,2
11,92102,Restaurants and Other Eating Places,58.40594059405941,5899,38.0,104,2019,42353,0.0013790272375996838,0.13928175099756807,0.0008972209760819775,2021-03-01,2
12,92102,Restaurants and Other Eating Places,59.54,5954,40.0,104,2019,42353,0.001405803603050551,0.14058036030505516,0.0009444431327178713,2021-04-01,2
13,92102,Restaurants and Other Eating Places,64.97979797979798,6433,42.0,104,2019,42353,0.00153424309918537,0.15189006681935166,0.0009916652893537648,2021-05-01,2
14,92102,Restaurants and Other Eating Places,65.52475247524752,6618,44.0,104,2019,42353,0.0015471100624571464,0.1562581163081718,0.0010388874459896585,2021-06-01,2
15,92102,Restaurants and Other Eating Places,70.75728155339806,7288,43.0,104,2019,42353,0.0016706557163222926,0.17207753878119614,0.0010152763676717117,2021-07-01,2
16,92102,Restaurants and Other Eating Places,70.86138613861387,7157,47.0,104,2019,42353,0.0016731137378370804,0.1689844875215451,0.0011097206809434989,2021-08-01,2
17,92102,Restaurants and Other Eating Places,65.94174757281553,6792,46.0,104,2019,42353,0.0015569557663640244,0.16036644393549454,0.001086109602625552,2021-09-01,2
18,92103,Restaurants and Other Eating Places,46.9039548022599,8302,31.0,187,2019,39630,0.001183546676817055,0.2094877617966187,0.0007822356800403737,2021-01-01,3
19,92103,Restaurants and Other Eating Places,55.96089385474861,10017,39.0,187,2019,39630,0.00141208412452053,0.2527630582891749,0.000984102952308857,2021-02-01,3
20,92103,Restaurants and Other Eating Places,69.39106145251397,12421,51.0,187,2019,39630,0.001750973036904213,0.3134241736058542,0.0012869038607115821,2021-03-01,3
21,92103,Restaurants and Other Eating Places,72.2290502793296,12929,51.0,187,2019,39630,0.0018225851698039266,0.32624274539490283,0.0012869038607115821,2021-04-01,3
22,92103,Restaurants and Other Eating Places,82.01117318435755,14680,61.0,187,2019,39630,0.002069421478283057,0.3704264446126672,0.0015392379510471865,2021-05-01,3
23,92103,Restaurants and Other Eating Places,83.26404494382022,14821,65.0,187,2019,39630,0.0021010357038561754,0.3739843552863992,0.0016401715871814284,2021-06-01,3
24,92103,Restaurants and Other Eating Places,94.07821229050279,16840,67.0,187,2019,39630,0.002373914011872389,0.4249306081251577,0.001690638405248549,2021-07-01,3
25,92103,Restaurants and Other Eating Places,84.84530386740332,15357,55.0,187,2019,39630,0.0021409362570629148,0.3875094625283876,0.001387837496845824,2021-08-01,3
26,92103,Restaurants and Other Eating Places,77.71111111111111,13988,53.5,187,2019,39630,0.00196091625311913,0.3529649255614434,0.0013499873832954832,2021-09-01,3
27,92104,Restaurants and Other Eating Places,48.92941176470589,8318,30.5,175,2019,52091,0.0009393064399743886,0.15968209479564607,0.0005855138123668196,2021-01-01,4
28,92104,Restaurants and Other Eating Places,55.70588235294117,9470,40.0,175,2019,52091,0.0010693955261550203,0.1817972394463535,0.000767886967038452,2021-02-01,4
29,92104,Restaurants and Other Eating Places,67.84705882352941,11534,45.0,175,2019,52091,0.001302471805561986,0.22142020694553768,0.0008638728379182584,2021-03-01,4
30,92104,Restaurants and Other Eating Places,67.70588235294117,11510,48.0,175,2019,52091,0.0012997616162665562,0.22095947476531447,0.0009214643604461424,2021-04-01,4
31,92104,Restaurants and Other Eating Places,78.49411764705883,13344,54.0,175,2019,52091,0.0015068652482589859,0.2561670922040276,0.0010366474055019102,2021-05-01,4
32,92104,Restaurants and Other Eating Places,78.2764705882353,13307,52.0,175,2019,52091,0.0015026870397618648,0.255456796759517,0.0009982530571499876,2021-06-01,4
33,92104,Restaurants and Other Eating Places,84.15606936416185,14559,57.0,175,2019,52091,0.0016155587215480956,0.27949165882782057,0.001094238928029794,2021-07-01,4
34,92104,Restaurants and Other Eating Places,81.02312138728323,14017,57.0,175,2019,52091,0.0015554149735517314,0.2690867904244495,0.001094238928029794,2021-08-01,4
35,92104,Restaurants and Other Eating Places,79.41040462427745,13738,52.0,175,2019,52091,0.001524455368955817,0.2637307788293563,0.0009982530571499876,2021-09-01,4
36,92105,Restaurants and Other Eating Places,78.77173913043478,7247,47.5,93,2019,66859,0.0011781770461782974,0.10839228824840336,0.0007104503507381206,2021-01-01,5
37,92105,Restaurants and Other Eating Places,82.27173913043478,7569,51.5,93,2019,66859,0.00123052601939058,0.11320839378393335,0.0007702777486950147,2021-02-01,5
38,92105,Restaurants and Other Eating Places,96.46666666666668,8682,56.5,93,2019,66859,0.0014428374140604354,0.1298553672654392,0.0008450619961411327,2021-03-01,5
39,92105,Restaurants and Other Eating Places,99.989010989011,9099,57.0,93,2019,66859,0.001495520587938961,0.13609237350244546,0.0008525404208857446,2021-04-01,5
40,92105,Restaurants and Other Eating Places,108.56043956043956,9879,63.0,93,2019,66859,0.0016237221549894488,0.14775871610403984,0.0009422815178210859,2021-05-01,5
41,92105,Restaurants and Other Eating Places,105.5108695652174,9707,63.0,93,2019,66859,0.0015781101955640586,0.1451861379918934,0.0009422815178210859,2021-06-01,5
42,92105,Restaurants and Other Eating Places,111.82608695652172,10288,60.0,93,2019,66859,0.0016725659515775249,0.1538760675451323,0.0008974109693534154,2021-07-01,5
43,92105,Restaurants and Other Eating Places,115.21739130434784,10600,67.0,93,2019,66859,0.0017232891802801092,0.15854260458577005,0.0010021089157779806,2021-08-01,5
44,92105,Restaurants and Other Eating Places,115.72527472527472,10531,65.0,93,2019,66859,0.001730885516164985,0.1575105819710136,0.0009721952167995332,2021-09-01,5
45,92106,Restaurants and Other Eating Places,52.684684684684676,5848,30.0,121,2019,22316,0.0023608480321152844,0.26205413156479657,0.0013443269403118838,2021-01-01,6
46,92106,Restaurants and Other Eating Places,71.63302752293578,7808,49.0,121,2019,22316,0.003209940290506174,0.34988349166517296,0.00219573400250941,2021-02-01,6
47,92106,Restaurants and Other Eating Places,91.76785714285714,10278,58.0,121,2019,22316,0.0041122000870611715,0.4605664097508514,0.0025990320846029755,2021-03-01,6
48,92106,Restaurants and Other Eating Places,98.83185840707964,11168,66.0,121,2019,22316,0.004428744327257557,0.5004481089801041,0.0029575192686861445,2021-04-01,6
49,92106,Restaurants and Other Eating Places,117.21428571428572,13128,82.5,121,2019,22316,0.005252477402504289,0.5882774690804804,0.0036968990858576812,2021-05-01,6
50,92106,Restaurants and Other Eating Places,120.00884955752213,13561,86.0,121,2019,22316,0.005377704317867097,0.6076805879189819,0.003853737228894067,2021-06-01,6
51,92106,Restaurants and Other Eating Places,133.28695652173914,15328,89.0,121,2019,22316,0.005972708214811754,0.6868614447033519,0.003988169922925255,2021-07-01,6
52,92106,Restaurants and Other Eating Places,125.29203539823007,14158,97.0,121,2019,22316,0.00561444861974503,0.6344326940311884,0.004346657107008424,2021-08-01,6
53,92106,Restaurants and Other Eating Places,113.52293577981648,12374,83.0,121,2019,22316,0.005087064697070107,0.5544900519806417,0.003719304534862879,2021-09-01,6
54,92107,Restaurants and Other Eating Places,42.875,3773,28.5,91,2019,30927,0.0013863290975523006,0.12199696058460245,0.0009215248811717916,2021-01-01,7
55,92107,Restaurants and Other Eating Places,48.31818181818182,4252,29.0,91,2019,30927,0.0015623300616995448,0.13748504542955994,0.0009376919843502444,2021-02-01,7
56,92107,Restaurants and Other Eating Places,63.70454545454545,5606,41.0,91,2019,30927,0.002059835918600105,0.18126556083680925,0.0013257024606331035,2021-03-01,7
57,92107,Restaurants and Other Eating Places,66.73863636363636,5873,45.5,91,2019,30927,0.00215794084016026,0.1898987939341029,0.001471206389239176,2021-04-01,7
58,92107,Restaurants and Other Eating Places,74.7752808988764,6655,50.0,91,2019,30927,0.0024177993629798038,0.21518414330520252,0.0016167103178452485,2021-05-01,7
59,92107,Restaurants and Other Eating Places,88.80898876404493,7904,52.0,91,2019,30927,0.002871568169044684,0.2555695670449769,0.0016813787305590586,2021-06-01,7
60,92107,Restaurants and Other Eating Places,98.78888888888888,8891,57.0,91,2019,30927,0.00319426031910269,0.2874834287192421,0.001843049762343584,2021-07-01,7
61,92107,Restaurants and Other Eating Places,86.02197802197803,7828,55.0,91,2019,30927,0.002781452388591781,0.2531121673618521,0.0017783813496297734,2021-08-01,7
62,92107,Restaurants and Other Eating Places,70.58241758241758,6423,45.0,91,2019,30927,0.0022822264552791274,0.20768260743040065,0.0014550392860607235,2021-09-01,7
63,92108,Restaurants and Other Eating Places,128.30882352941177,17450,76.5,175,2019,27170,0.004722444737924614,0.6422524843577475,0.002815605447184395,2021-01-01,8
64,92108,Restaurants and Other Eating Places,144.91304347826087,19998,93.5,175,2019,27170,0.0053335680337968676,0.7360323886639676,0.003441295546558705,2021-02-01,8
65,92108,Restaurants and Other Eating Places,193.91911764705884,26373,131.5,175,2019,27170,0.007137251293598042,0.9706661759293338,0.004839896945160103,2021-03-01,8
66,92108,Restaurants and Other Eating Places,195.92142857142858,27429,135.5,175,2019,27170,0.007210946947789053,1.0095325726904674,0.004987118145012882,2021-04-01,8
67,92108,Restaurants and Other Eating Places,221.97163120567376,31298,152.0,175,2019,27170,0.008169732469844452,1.1519322782480677,0.0055944055944055935,2021-05-01,8
68,92108,Restaurants and Other Eating Places,230.24822695035462,32465,158.0,175,2019,27170,0.008474355058901529,1.194884063305116,0.005815237394184763,2021-06-01,8
69,92108,Restaurants and Other Eating Places,259.9020979020979,37166,169.0,175,2019,27170,0.009565774674350307,1.3679057784320945,0.006220095693779904,2021-07-01,8
70,92108,Restaurants and Other Eating Places,235.58503401360542,34631,163.0,175,2019,27170,0.008670777843710177,1.2746043430253955,0.005999263894000736,2021-08-01,8
71,92108,Restaurants and Other Eating Places,208.25694444444446,29989,144.5,175,2019,27170,0.007664959309696151,1.1037541405962459,0.005318365844681635,2021-09-01,8
72,92109,Restaurants and Other Eating Places,58.477099236641216,15321,37.0,291,2019,54272,0.0010774819287411783,0.2823002653301887,0.000681751179245283,2021-01-01,9
73,92109,Restaurants and Other Eating Places,71.95833333333333,18997,46.5,291,2019,54272,0.001325883205581761,0.3500331662735849,0.0008567954009433963,2021-02-01,9
74,92109,Restaurants and Other Eating Places,111.73207547169814,29609,67.0,291,2019,54272,0.002058742546279815,0.5455667747641509,0.0012345224056603773,2021-03-01,9
75,92109,Restaurants and Other Eating Places,127.89433962264151,33892,72.0,291,2019,54272,0.002356543698825205,0.6244840801886793,0.0013266509433962266,2021-04-01,9
76,92109,Restaurants and Other Eating Places,148.61132075471696,39382,85.0,291,2019,54272,0.0027382687344250623,0.7256412146226415,0.001566185141509434,2021-05-01,9
77,92109,Restaurants and Other Eating Places,194.3181818181818,51300,94.0,291,2019,54272,0.0035804499892795882,0.9452387971698112,0.0017320165094339625,2021-06-01,9
78,92109,Restaurants and Other Eating Places,248.31598513011159,66797,111.0,291,2019,54272,0.0045753977212948035,1.2307819870283019,0.0020452535377358493,2021-07-01,9
79,92109,Restaurants and Other Eating Places,158.14074074074077,42698,76.0,291,2019,54272,0.0029138550401816912,0.7867408608490566,0.0014003537735849056,2021-08-01,9
80,92109,Restaurants and Other Eating Places,112.43283582089552,30132,63.0,291,2019,54272,0.002071654551534779,0.5552034198113207,0.001160819575471698,2021-09-01,9
81,92110,Restaurants and Other Eating Places,83.53225806451613,15537,50.0,200,2019,29904,0.00279334731355391,0.5195626003210273,0.0016720171214553235,2021-01-01,10
82,92110,Restaurants and Other Eating Places,98.40641711229948,18402,62.0,200,2019,29904,0.003290744285456777,0.6153691813804173,0.002073301230604601,2021-02-01,10
83,92110,Restaurants and Other Eating Places,142.11475409836066,26007,89.0,200,2019,29904,0.004752366041277443,0.8696829855537721,0.002976190476190476,2021-03-01,10
84,92110,Restaurants and Other Eating Places,146.2139037433155,27342,85.0,200,2019,29904,0.0048894430090728825,0.9143258426966292,0.00284242910647405,2021-04-01,10
85,92110,Restaurants and Other Eating Places,170.44086021505376,31702,95.5,200,2019,29904,0.005699600729502868,1.0601257356875335,0.003193552701979668,2021-05-01,10
86,92110,Restaurants and Other Eating Places,181.12234042553192,34051,99.0,200,2019,29904,0.006056793085390982,1.1386771000535043,0.003310593900481541,2021-06-01,10
87,92110,Restaurants and Other Eating Places,210.17989417989415,39724,112.0,200,2019,29904,0.007028487633089024,1.3283841626538255,0.003745318352059925,2021-07-01,10
88,92110,Restaurants and Other Eating Places,180.29255319148936,33895,100.0,200,2019,29904,0.006029044716141297,1.133460406634564,0.0033440342429106483,2021-08-01,10
89,92110,Restaurants and Other Eating Places,154.4414893617021,29035,93.0,200,2019,29904,0.005164576289516524,0.9709403424291064,0.003109951845906902,2021-09-01,10
90,92111,Restaurants and Other Eating Places,94.41666666666669,26059,50.0,294,2019,48448,0.001948824856891237,0.5378756605019815,0.0010320343461030382,2021-01-01,11
91,92111,Restaurants and Other Eating Places,102.20289855072464,28208,62.5,294,2019,48448,0.002109538031512645,0.5822324966974901,0.0012900429326287981,2021-02-01,11
92,92111,Restaurants and Other Eating Places,122.9,34412,79.0,294,2019,48448,0.002536740422721268,0.7102873183619551,0.0016306142668428005,2021-03-01,11
93,92111,Restaurants and Other Eating Places,131.51254480286738,36692,89.0,294,2019,48448,0.0027145092635994755,0.7573480845442536,0.0018370211360634078,2021-04-01,11
94,92111,Restaurants and Other Eating Places,147.336917562724,41107,103.0,294,2019,48448,0.003041135187473663,0.848476717305152,0.002125990752972259,2021-05-01,11
95,92111,Restaurants and Other Eating Places,146.2064056939502,41084,98.0,294,2019,48448,0.0030178006459286285,0.8480019815059445,0.002022787318361955,2021-06-01,11
96,92111,Restaurants and Other Eating Places,157.16901408450704,44636,109.0,294,2019,48448,0.0032440764135672692,0.9213177014531044,0.0022498348745046237,2021-07-01,11
97,92111,Restaurants and Other Eating Places,151.6258741258741,43365,102.0,294,2019,48448,0.003129662197115962,0.8950833883751651,0.002105350066050198,2021-08-01,11
98,92111,Restaurants and Other Eating Places,143.6443661971831,40795,97.0,294,2019,48448,0.002964918390793905,0.8420368229854691,0.0020021466314398945,2021-09-01,11
99,92113,Restaurants and Other Eating Places,75.13675213675214,8791,47.0,124,2019,48730,0.0015418992845629414,0.18040221629386416,0.0009644982556946439,2021-01-01,12
100,92113,Restaurants and Other Eating Places,74.96581196581197,8771,48.0,124,2019,48730,0.0015383913803778365,0.17999179150420686,0.0009850194951775088,2021-02-01,12
101,92113,Restaurants and Other Eating Places,87.94017094017093,10289,53.0,124,2019,48730,0.001804641308027313,0.2111430330391956,0.0010876256925918325,2021-03-01,12
102,92113,Restaurants and Other Eating Places,88.28448275862068,10241,55.0,124,2019,48730,0.0018117070133105003,0.21015801354401809,0.001128668171557562,2021-04-01,12
103,92113,Restaurants and Other Eating Places,95.70689655172414,11102,63.5,124,2019,48730,0.001964024144299695,0.22782680073876466,0.0013030987071619125,2021-05-01,12
104,92113,Restaurants and Other Eating Places,97.82758620689656,11348,62.0,124,2019,48730,0.002007543324582322,0.23287502565154936,0.0012723168479376154,2021-06-01,12
105,92113,Restaurants and Other Eating Places,101.14754098360656,12340,63.5,124,2019,48730,0.002075672911627469,0.2532320952185512,0.0013030987071619125,2021-07-01,12
106,92113,Restaurants and Other Eating Places,105.09836065573772,12822,64.5,124,2019,48730,0.002156748628272885,0.263123332649292,0.0013236199466447776,2021-08-01,12
107,92113,Restaurants and Other Eating Places,99.64754098360656,12157,61.0,124,2019,48730,0.0020448910524031717,0.2494767083931869,0.0012517956084547508,2021-09-01,12
108,92114,Restaurants and Other Eating Places,70.96774193548387,2200,39.0,32,2019,58084,0.0012218122363384732,0.03787617932649267,0.0006714413607878246,2021-01-01,13
109,92114,Restaurants and Other Eating Places,69.29032258064517,2148,40.0,32,2019,58084,0.0011929330380250187,0.03698092417877557,0.0006886578059362303,2021-02-01,13
110,92114,Restaurants and Other Eating Places,77.90322580645163,2415,54.0,32,2019,58084,0.001341216613980642,0.0415777150333999,0.0009296880380139107,2021-03-01,13
111,92114,Restaurants and Other Eating Places,80.96774193548387,2510,51.0,32,2019,58084,0.0013939766878225304,0.04321327732249845,0.0008780387025686938,2021-04-01,13
112,92114,Restaurants and Other Eating Places,87.77419354838709,2721,51.0,32,2019,58084,0.001511159588671357,0.04684594724881207,0.0008780387025686938,2021-05-01,13
113,92114,Restaurants and Other Eating Places,88.06451612903227,2730,67.0,32,2019,58084,0.001516157911456378,0.047000895255147716,0.0011535018249431855,2021-06-01,13
114,92114,Restaurants and Other Eating Places,97.40625,3117,76.0,32,2019,58084,0.0016769893602368985,0.053663659527580745,0.0013084498312788376,2021-07-01,13
115,92114,Restaurants and Other Eating Places,101.625,3252,62.5,32,2019,58084,0.001749621238206735,0.05598787962261552,0.0010760278217753598,2021-08-01,13
116,92114,Restaurants and Other Eating Places,107.8125,3450,80.0,32,2019,58084,0.001856147992562496,0.059396735761999865,0.0013773156118724605,2021-09-01,13
117,92115,Restaurants and Other Eating Places,71.69444444444444,12905,50.5,194,2019,61845,0.0011592601575623651,0.2086668283612257,0.0008165575228393562,2021-01-01,14
118,92115,Restaurants and Other Eating Places,76.48618784530387,13844,58.0,194,2019,61845,0.0012367400411561788,0.22384994744926834,0.0009378284420729242,2021-02-01,14
119,92115,Restaurants and Other Eating Places,89.79347826086956,16522,65.0,194,2019,61845,0.001451911686650005,0.2671517503436009,0.0010510146333575878,2021-03-01,14
120,92115,Restaurants and Other Eating Places,93.56830601092895,17123,66.0,194,2019,61845,0.0015129485974764165,0.2768695933381842,0.0010671840892553966,2021-04-01,14
121,92115,Restaurants and Other Eating Places,96.489010989011,17561,70.5,194,2019,61845,0.001560174807810025,0.2839518150214245,0.0011399466407955373,2021-05-01,14
122,92115,Restaurants and Other Eating Places,89.04972375690608,16118,68.0,194,2019,61845,0.0014398855809993707,0.2606192901608861,0.0010995230010510146,2021-06-01,14
123,92115,Restaurants and Other Eating Places,94.56906077348066,17117,72.0,194,2019,61845,0.0015291302574740185,0.2767725766027973,0.0011642008246422508,2021-07-01,14
124,92115,Restaurants and Other Eating Places,134.7292817679558,24386,92.0,194,2019,61845,0.0021784991796904487,0.3943083515239712,0.0014875899425984315,2021-08-01,14
125,92115,Restaurants and Other Eating Places,128.9784946236559,23990,89.0,194,2019,61845,0.0020855120805830045,0.3879052469884388,0.0014390815749050045,2021-09-01,14
126,92116,Restaurants and Other Eating Places,27.62121212121212,1823,27.0,69,2019,37200,0.0007425057021831215,0.04900537634408602,0.0007258064516129032,2021-01-01,15
127,92116,Restaurants and Other Eating Places,34.6,2249,30.0,69,2019,37200,0.0009301075268817203,0.06045698924731184,0.0008064516129032258,2021-02-01,15
128,92116,Restaurants and Other Eating Places,39.06060606060606,2578,34.5,69,2019,37200,0.0010500162919517759,0.06930107526881721,0.0009274193548387096,2021-03-01,15
129,92116,Restaurants and Other Eating Places,43.830769230769214,2849,31.0,69,2019,37200,0.0011782464846980974,0.07658602150537634,0.0008333333333333334,2021-04-01,15
130,92116,Restaurants and Other Eating Places,48.28787878787879,3187,42.0,69,2019,37200,0.0012980612577386768,0.0856720430107527,0.0011290322580645162,2021-05-01,15
131,92116,Restaurants and Other Eating Places,47.41538461538462,3082,41.0,69,2019,37200,0.0012746071133167907,0.0828494623655914,0.0011021505376344089,2021-06-01,15
132,92116,Restaurants and Other Eating Places,49.720588235294116,3381,39.0,69,2019,37200,0.0013365749525616698,0.09088709677419354,0.0010483870967741935,2021-07-01,15
133,92116,Restaurants and Other Eating Places,50.54411764705882,3437,44.0,69,2019,37200,0.0013587128399746994,0.09239247311827957,0.0011827956989247312,2021-08-01,15
134,92116,Restaurants and Other Eating Places,45.602941176470594,3101,36.0,69,2019,37200,0.0012258855154965212,0.08336021505376344,0.0009677419354838713,2021-09-01,15
135,92117,Restaurants and Other Eating Places,85.55421686746988,7101,51.0,85,2019,52290,0.0016361487257117973,0.13580034423407916,0.0009753298909925416,2021-01-01,16
136,92117,Restaurants and Other Eating Places,90.855421686747,7541,66.0,85,2019,52290,0.0017375295790160068,0.14421495505832854,0.0012621916236374069,2021-02-01,16
137,92117,Restaurants and Other Eating Places,111.86746987951807,9285,86.0,85,2019,52290,0.0021393664157490547,0.17756741250717153,0.0016446739338305605,2021-03-01,16
138,92117,Restaurants and Other Eating Places,120.04819277108429,9964,89.0,85,2019,52290,0.0022958155052798693,0.1905526869382291,0.0017020462803595336,2021-04-01,16
139,92117,Restaurants and Other Eating Places,130.710843373494,10849,100.0,85,2019,52290,0.0024997292670394717,0.2074775291642761,0.001912411550965768,2021-05-01,16
140,92117,Restaurants and Other Eating Places,126.37349397590359,10489,98.0,85,2019,52290,0.002416781296154209,0.2005928475807994,0.0018741633199464524,2021-06-01,16
141,92117,Restaurants and Other Eating Places,125.61904761904762,10552,104.5,85,2019,52290,0.0024023531768798552,0.2017976668579078,0.0019984700707592275,2021-07-01,16
142,92117,Restaurants and Other Eating Places,123.32941176470587,10483,90.0,85,2019,52290,0.00235856591632637,0.20047810288774146,0.0017211703958691911,2021-08-01,16
143,92117,Restaurants and Other Eating Places,125.51807228915665,10418,98.0,85,2019,52290,0.002400422113007394,0.1992350353796137,0.0018741633199464524,2021-09-01,16
144,92118,Restaurants and Other Eating Places,81.59701492537313,5467,65.0,85,2019,17953,0.004545035087471349,0.3045173508605804,0.0036205648081100647,2021-01-01,17
145,92118,Restaurants and Other Eating Places,101.72058823529413,6917,81.5,85,2019,17953,0.005665938184999394,0.3852837965799588,0.004539631259399543,2021-02-01,17
146,92118,Restaurants and Other Eating Places,138.88235294117646,9444,120.0,85,2019,17953,0.007735885531174537,0.5260402161198685,0.0066841196457416594,2021-03-01,17
147,92118,Restaurants and Other Eating Places,154.0149253731343,10319,126.0,85,2019,17953,0.008578784903533355,0.5747785885367348,0.007018325628028743,2021-04-01,17
148,92118,Restaurants and Other Eating Places,164.4852941176471,11185,130.0,85,2019,17953,0.009161994882061332,0.6230156519801704,0.007241129616220129,2021-05-01,17
149,92118,Restaurants and Other Eating Places,212.5820895522388,14243,177.0,85,2019,17953,0.011841034342574434,0.793349300952487,0.009859076477468946,2021-06-01,17
150,92118,Restaurants and Other Eating Places,281.8918918918919,20860,209.5,85,2019,17953,0.01570165943808232,1.1619227984180918,0.01166935888152398,2021-07-01,17
151,92118,Restaurants and Other Eating Places,180.90666666666667,13568,138.0,85,2019,17953,0.010076681705935871,0.7557511279451902,0.007686737592602908,2021-08-01,17
152,92118,Restaurants and Other Eating Places,134.22972972972974,9933,109.0,85,2019,17953,0.007476729779408999,0.5532780036762658,0.00607140867821534,2021-09-01,17
153,92119,Restaurants and Other Eating Places,94.29166666666669,2263,68.5,25,2019,23988,0.0039307848368628755,0.09433883608470904,0.002855594463898616,2021-01-01,18
154,92119,Restaurants and Other Eating Places,97.41666666666669,2338,62.0,25,2019,23988,0.004061058306931244,0.09746539936634983,0.0025846256461564115,2021-02-01,18
155,92119,Restaurants and Other Eating Places,120.91666666666669,2902,90.0,25,2019,23988,0.005040714801845367,0.1209771552442888,0.003751875937968985,2021-03-01,18
156,92119,Restaurants and Other Eating Places,117.75,2826,92.5,25,2019,23988,0.004908704352176089,0.11780890445222612,0.0038560947140236783,2021-04-01,18
157,92119,Restaurants and Other Eating Places,126.6,3165,86.0,25,2019,23988,0.005277638819409704,0.1319409704852426,0.003585125896281474,2021-05-01,18
158,92119,Restaurants and Other Eating Places,135.83333333333334,3260,108.0,25,2019,23988,0.0056625534989717076,0.135901283975321,0.004502251125562781,2021-06-01,18
159,92119,Restaurants and Other Eating Places,131.375,3153,105.5,25,2019,23988,0.005476696681674171,0.1314407203601801,0.004398032349508087,2021-07-01,18
160,92119,Restaurants and Other Eating Places,124.04,3101,93.0,25,2019,23988,0.0051709187927297,0.12927296981824246,0.0038769384692346172,2021-08-01,18
161,92119,Restaurants and Other Eating Places,128.88,3222,97.0,25,2019,23988,0.0053726863431715855,0.13431715857928966,0.0040436885109221285,2021-09-01,18
162,92120,Restaurants and Other Eating Places,81.0909090909091,5352,51.0,70,2019,29245,0.002772812757425512,0.18300564199008376,0.0017438878440759105,2021-01-01,19
163,92120,Restaurants and Other Eating Places,91.28787878787878,6025,63.0,70,2019,29245,0.0031214867084246463,0.20601812275602668,0.002154214395623184,2021-02-01,19
164,92120,Restaurants and Other Eating Places,112.24615384615385,7296,75.0,70,2019,29245,0.0038381314360114156,0.249478543340742,0.0025645409471704572,2021-03-01,19
165,92120,Restaurants and Other Eating Places,114.51515151515152,7558,75.0,70,2019,29245,0.0039157172684271355,0.2584373397161908,0.0025645409471704572,2021-04-01,19
166,92120,Restaurants and Other Eating Places,127.0,8509,76.0,70,2019,29245,0.004342622670541973,0.29095571892631217,0.0025987348264660624,2021-05-01,19
167,92120,Restaurants and Other Eating Places,123.45454545454544,8148,71.0,70,2019,29245,0.0042213898257666424,0.2786117285005984,0.0024277654299880323,2021-06-01,19
168,92120,Restaurants and Other Eating Places,130.83333333333334,8635,78.0,70,2019,29245,0.004473699207841797,0.2952641477175585,0.002667122585057275,2021-07-01,19
169,92120,Restaurants and Other Eating Places,125.6268656716418,8417,77.0,70,2019,29245,0.004295669881061439,0.2878098820311164,0.0026329287057616692,2021-08-01,19
170,92120,Restaurants and Other Eating Places,120.15151515151516,7930,76.5,70,2019,29245,0.004108446406275095,0.27115746281415626,0.002615831766113866,2021-09-01,19
171,92121,Restaurants and Other Eating Places,48.101351351351354,7119,23.5,154,2019,4937,0.009743032479512123,1.4419688069677945,0.004759975693741138,2021-01-01,20
172,92121,Restaurants and Other Eating Places,48.972972972972975,7248,24.5,154,2019,4937,0.009919581319216726,1.4680980352440751,0.0049625278509216105,2021-02-01,20
173,92121,Restaurants and Other Eating Places,59.08219178082192,8626,28.5,154,2019,4937,0.011967225396155948,1.7472149078387684,0.00577273647964351,2021-03-01,20
174,92121,Restaurants and Other Eating Places,63.45205479452055,9264,30.0,154,2019,4937,0.012852350576163771,1.876443184119911,0.006076564715414219,2021-04-01,20
175,92121,Restaurants and Other Eating Places,68.43150684931507,9991,31.5,154,2019,4937,0.013860949331439148,2.023698602390116,0.00638039295118493,2021-05-01,20
176,92121,Restaurants and Other Eating Places,69.44137931034483,10069,36.0,154,2019,4937,0.01406550117689788,2.0394976706501926,0.007291877658497063,2021-06-01,20
177,92121,Restaurants and Other Eating Places,72.0728476821192,10883,34.0,154,2019,4937,0.014598510772152969,2.204375126595098,0.006886773344136115,2021-07-01,20
178,92121,Restaurants and Other Eating Places,70.24,10536,32.5,154,2019,4937,0.014227263520356491,2.1340895280534737,0.006582945108365404,2021-08-01,20
179,92121,Restaurants and Other Eating Places,65.01973684210526,9883,32.0,154,2019,4937,0.01316988795667516,2.0018229694146243,0.006481669029775167,2021-09-01,20
